#副本ID,副本类型（1 普通 2精英）,副本星级限制,是否最高星级,章节ID,背景（1海边 2火焰山 3山川 4树林 5雪地 6竹林）,副本名字,体力,地图id,奖励,额外奖励,副本描述,下一副本,预期设定,关联ID（普通副本与精英副本关联）,额外信息,怪物1,怪物2,怪物3,怪物4,怪物5,怪物6,怪物7,怪物8,怪物9,强度比,BOSS位置,星级,转生,等级,初始玩家怒气,初始怪物怒气,关卡经验,进入副本提示信息,可获得积分
id_kn,type_n,stars_n,max_n,secid_n,bgID_n,copyname_s,energy_n,map_n,reward_t,extra_t,description_s,next_n,expectinfo_t,relateid_n,other_t,pos1_n,pos2_n,pos3_n,pos4_n,pos5_n,pos6_n,pos7_n,pos8_n,pos9_n,power_n,boss_n,star_n,quality_n,lv_n,rage1_n,rage2_n,exp_n,message_n,points_n
#测试用副本1000001,,,,,,,,,,,,,,,,,,,,,,,,,,,,,,,,,,
1000001,1,1,1,101,1,东海蓬莱--梦醒来,6,101,"{exp:6,gold:0,items:[[11101,70],[10101,70]]}",{},伴随着剧烈的头疼，从恍惚中慢慢清醒过来，却发现一大波怪物正袭来……,1010201,"[1019,478,511,7416]",2010101,,0,200111,0,0,300231,0,0,0,0,0.5,5,1,0,1,50,50,100,1,1
#,,,,,,,,,,,,,,,,,,,,,,,,,,,,,,,,,,
1010101,1,1,1,101,5,广寒宫--月桂树前,6,101,"{exp:6,gold:0,items:[[10101,80],[14101,40],[40001,50]]}",{},只会砍树，怎么不去演光头强啊！,1010201,"[1019,478,511,7416]",2010101,,0,200111,0,0,300231,0,0,0,0,0.5,5,1,0,1,50,50,100,1,1
1010201,1,1,1,101,12,广寒宫--妖孽横行,6,102,"{exp:6,gold:0,items:[[11101,80],[15101,40],[40001,50]]}",{},师傅，有妖气！哎，师傅呢。。。,1010301,"[1284,602,644,9344]",2010201,,200131,200132,200133,200241,300221,200242,200331,200332,200333,0.4,5,1,0,2,50,50,101,2,1
1010301,1,1,1,101,9,广寒宫--夜幕降临,6,103,"{exp:6,gold:0,items:[[12101,80],[18101,40],[40001,50]]}",{},夜幕降临，空气中透着一股寒气,1010401,"[1549,727,777,11272]",2010301,,0,200121,0,200211,200212,200213,0,300331,0,0.6,8,1,0,4,50,50,102,3,1
1010401,1,1,1,101,8,广寒宫--月神,6,104,"{exp:6,gold:0,items:[[13101,80],[19101,40],[40001,50]],immortal:100003}",{},嫦娥姐姐，我好想你啊,1020101,"[2773,1301,1391,20171]",2010401,,200141,200142,200143,0,0,0,0,301003,0,0.8,8,1,0,6,50,50,107,1,1
1020101,1,1,0,102,1,东海蓬莱--梦醒来,6,101,"{exp:6,gold:0,items:[[14101,80],[17201,45],[40001,50]]}",{},伴随着剧烈的头疼，从恍惚中慢慢清醒过来，却发现一大波怪物正袭来……,1020102,"[3975,1865,1995,28914]",0,,0,0,101001,0,200211,300211,0,200321,0,0.83,6,1,0,8,50,50,108,0,1
1020102,1,2,1,102,3,东海蓬莱--梦醒来,6,102,"{exp:6,gold:0,items:[[14101,80],[17201,45],[40001,50]]}",{},伴随着剧烈的头疼，从恍惚中慢慢清醒过来，却发现一大波怪物正袭来……,1020201,"[4143,1943,2079,30136]",2020101,,200131,200141,0,0,101005,0,0,301003,0,0.86,8,1,0,10,50,50,109,0,1
1020201,1,1,0,102,4,东海蓬莱--追兵不断,6,103,"{exp:6,gold:0,items:[[15101,80],[16201,45],[40001,50]]}",{},一番苦战后刚回过神，又来了一波小妖，我擦嘞！只能硬着头皮上了！,1020202,"[4311,2022,2163,31358]",0,,200111,0,200112,0,101005,0,0,0,300311,0.89,9,1,0,12,50,50,110,0,1
1020202,1,2,1,102,6,东海蓬莱--追兵不断,6,104,"{exp:6,gold:0,items:[[15101,80],[16201,45],[40001,50]]}",{},一番苦战后刚回过神，又来了一波小妖，我擦嘞！只能硬着头皮上了！,1020301,"[4479,2101,2248,32580]",2020201,,301001,200121,0,0,200211,0,0,101012,0,0.86,1,1,0,14,50,50,111,0,1
1020301,1,1,0,102,12,东海蓬莱--有点不同,6,101,"{exp:6,gold:0,items:[[19101,80],[15201,45],[40001,50]]}",{},这次遇到的喽罗和以前的不太一样呢！貌似气场强了不少！,1020302,"[4647,2180,2332,33802]",0,,200111,300111,0,0,200211,0,0,101003,0,0.96,2,1,0,16,50,50,112,0,1
1020302,1,2,1,102,1,东海蓬莱--有点不同,6,102,"{exp:6,gold:0,items:[[19101,80],[15201,45],[40001,50]]}",{},这次遇到的喽罗和以前的不太一样呢！貌似气场强了不少！,1020401,"[4815,2259,2416,35023]",2020301,,0,101001,200141,101005,300211,0,0,0,0,0.99,5,1,0,18,50,50,113,0,1
1020401,1,1,0,102,3,东海蓬莱--变数,6,103,"{exp:6,gold:0,items:[[13201,95],[10201,45],[40001,50]]}",{},一切都充满着变数，看似安全的环境其实危机四伏！,1020402,"[4983,2337,2500,36245]",0,,101001,0,0,0,200211,0,200311,300311,0,1.02,8,1,0,20,50,50,114,0,1
1020402,1,2,1,102,4,东海蓬莱--变数,6,104,"{exp:6,gold:0,items:[[13201,95],[10201,45],[40001,50]]}",{},一切都充满着变数，看似安全的环境其实危机四伏！,1020501,"[5151,2416,2585,37467]",2020401,,200131,200132,0,0,301005,0,0,101012,0,1.05,5,2,1,2,50,50,115,0,1
1020501,1,1,0,102,6,东海蓬莱--晕头转向,6,101,"{exp:6,gold:0,items:[[14201,95],[11201,45],[40001,50]]}",{},一趟没有目的地的行程，大家像无头苍蝇一样乱撞，始终会撞上怪物……,1020502,"[5319,2495,2669,38689]",0,,0,200121,0,0,200212,0,0,300311,101012,1.08,8,2,1,4,50,50,116,0,1
1020502,1,2,1,102,12,东海蓬莱--晕头转向,6,102,"{exp:6,gold:0,items:[[14201,95],[11201,45],[40001,50]]}",{},一趟没有目的地的行程，大家像无头苍蝇一样乱撞，始终会撞上怪物……,1020601,"[5487,2574,2753,39910]",2020501,,0,301001,0,0,101005,0,200331,200342,0,1.11,2,2,1,6,50,50,117,0,1
1020601,1,1,0,102,1,东海蓬莱--步步为营,6,103,"{exp:6,gold:0,items:[[15201,95],[14202,50],[40001,50]]}",{},感觉所有的一切都在人家的掌握之中，目前只能步步为营！,1020602,"[5655,2653,2838,41132]",0,,0,300111,101001,0,200211,0,0,200321,0,1.14,2,2,1,8,50,50,118,0,1
1020602,1,2,1,102,3,东海蓬莱--步步为营,6,104,"{exp:6,gold:0,items:[[15201,95],[14202,50],[40001,50]]}",{},感觉所有的一切都在人家的掌握之中，目前只能步步为营！,1020701,"[5823,2731,2922,42354]",2020601,,200131,200141,0,0,101005,0,0,301012,0,1.18,8,2,1,10,50,50,119,0,1
1020701,1,1,0,102,4,东海蓬莱--抢夺,6,101,"{exp:6,gold:0,items:[[19201,95],[15202,50],[40001,50]]}",{},什么消息这么重要？招来了一大帮妖怪想要抢夺！小心应对！,1020702,"[5991,2810,3006,43576]",0,,0,300111,0,200211,200221,0,0,101012,0,1.21,2,2,1,12,50,50,120,0,1
1020702,1,2,1,102,6,东海蓬莱--抢夺,6,102,"{exp:6,gold:0,items:[[19201,95],[15202,50],[40001,50]]}",{},什么消息这么重要？招来了一大帮妖怪想要抢夺！小心应对！,1020801,"[6159,2889,3091,44797]",2020701,,300141,0,101001,0,101005,0,200311,0,0,1.24,1,2,1,14,50,50,121,0,1
1020801,1,1,0,102,12,东海蓬莱--偶遇,6,103,"{exp:6,gold:0,items:[[18201,95],[13202,50],[40001,50]]}",{},前面那风度翩翩的精壮男是牛魔王吧？唉，等等！为什么打我？,1020802,"[6327,2968,3175,46019]",0,,200111,0,0,200211,0,300211,200311,0,0,1.27,6,2,1,16,50,50,122,0,1
1020802,1,2,1,102,1,东海蓬莱--偶遇,6,104,"{exp:6,gold:0,items:[[18201,95],[13202,50],[40001,50]],immortal:100004}",{},前面那风度翩翩的精壮男是牛魔王吧？唉，等等！为什么打我？,1030101,"[6383,2994,3203,46426]",2020801,,0,301004,0,0,101005,0,101012,101003,0,1.21,2,2,1,18,50,50,123,0,1
1030101,1,1,0,103,3,蓬莱岛--前路先锋,6,101,"{exp:6,gold:0,items:[[17201,95],[16202,50],[40001,50]]}",{},黄风大王座下前路先锋奉命巡山，战斗一触即发！,1030102,"[8614,4040,4322,62649]",0,,200111,0,300111,0,200231,0,101003,0,200312,1.43,3,2,1,20,50,50,124,0,1
1030102,1,2,1,103,4,蓬莱岛--前路先锋,6,102,"{exp:6,gold:0,items:[[17201,95],[16202,50],[40001,50]]}",{},黄风大王座下前路先锋奉命巡山，战斗一触即发！,1030201,"[9010,4226,4521,65533]",2030101,,0,101004,0,200211,0,200221,101012,0,300321,1.56,9,3,1,22,50,50,125,0,1
1030201,1,1,0,103,6,蓬莱岛--机关,6,103,"{exp:6,gold:0,items:[[16201,95],[12202,50],[40001,50]]}",{},破坏洞门的时候好像触动了什么机关！,1030202,"[9407,4412,4720,68416]",0,,200141,200131,0,0,101005,300211,0,0,200311,1.69,6,3,1,24,50,50,126,0,1
1030202,1,2,1,103,12,蓬莱岛--机关,6,104,"{exp:6,gold:0,items:[[16201,95],[12202,50],[40001,50]]}",{},破坏洞门的时候好像触动了什么机关！,1030301,"[9803,4598,4919,71300]",2030201,,0,101001,200121,200211,0,301005,200311,0,0,1.82,6,3,1,25,50,50,127,0,1
1030301,1,1,0,103,1,蓬莱岛--黄风大王,6,101,"{exp:6,gold:0,items:[[12201,95],[17202,50],[40001,50]]}",{},黄风大王死而复生，又是蚩尤干的好事！哎！又被它跑掉了！,1030302,"[10200,4784,5118,74183]",0,,200111,0,101001,300211,0,200211,0,200331,0,1.95,4,3,2,2,50,50,128,0,1
1030302,1,2,1,103,3,蓬莱岛--黄风大王,6,102,"{exp:6,gold:0,items:[[12201,95],[17202,50],[40001,50]]}",{},黄风大王死而复生，又是蚩尤干的好事！哎！又被它跑掉了！,1030401,"[10596,4970,5317,77067]",2030301,,101004,300121,0,200211,0,200221,0,0,101012,2.08,2,3,2,4,50,50,129,0,1
1030401,1,1,0,103,4,蓬莱岛--有发现,6,103,"{exp:6,gold:0,items:[[10201,95],[11202,50],[40001,50]]}",{},暗道的尽头发现了熟悉的武器--降妖宝杖！这不是沙僧的武器么？,1030402,"[10993,5156,5516,79950]",0,,101004,0,200121,0,200211,200212,300311,0,0,2.21,7,3,2,6,50,50,130,0,1
1030402,1,2,1,103,6,蓬莱岛--有发现,6,104,"{exp:6,gold:0,items:[[10201,95],[11202,50],[40001,50]]}",{},暗道的尽头发现了熟悉的武器--降妖宝杖！这不是沙僧的武器么？,1030501,"[11389,5342,5715,82834]",2030401,,200141,301001,200131,101005,0,0,200321,0,0,2.34,2,3,2,8,50,50,131,0,1
1030501,1,1,0,103,12,蓬莱岛--八百流沙界,6,101,"{exp:6,gold:0,items:[[11201,95],[18202,50],[40001,50]]}",{},难道沙僧已经遭遇不测？连流沙河界内都是妖物横行？,1030502,"[11786,5528,5914,85717]",0,,200111,300111,0,0,0,200211,200311,101003,0,2.47,2,3,2,10,50,50,132,0,1
1030502,1,2,1,103,1,蓬莱岛--八百流沙界,6,102,"{exp:6,gold:0,items:[[11201,95],[18202,50],[40001,50]]}",{},难道沙僧已经遭遇不测？连流沙河界内都是妖物横行？,1030601,"[12182,5714,6113,88601]",2030501,,0,101004,200132,300221,0,0,0,101012,200321,2.6,4,3,2,12,50,50,133,0,1
1030601,1,1,0,103,3,蓬莱岛--痕迹,6,103,"{exp:6,gold:0,items:[[14202,110],[10202,50],[40001,50]]}",{},沙僧的府邸明显有被翻动的痕迹，似乎在找什么东西？,1030602,"[12579,5900,6312,91484]",0,,200141,200111,0,0,200211,0,0,300311,101003,2.73,8,3,2,14,50,50,134,0,1
1030602,1,2,1,103,4,蓬莱岛--痕迹,6,104,"{exp:6,gold:0,items:[[14202,110],[10202,50],[40001,50]]}",{},沙僧的府邸明显有被翻动的痕迹，似乎在找什么东西？,1030701,"[12975,6086,6511,94368]",2030601,,200131,301001,200132,0,200221,0,0,101012,0,2.86,2,4,2,16,50,50,135,0,1
1030701,1,1,0,103,6,蓬莱岛--会合,6,101,"{exp:6,gold:0,items:[[15202,110],[19202,50],[40001,50]]}",{},循着沙僧的暗号，在秘道中与他会合了！,1030702,"[13372,6272,6710,97251]",0,,101004,0,0,0,200211,200212,0,200311,300311,2.99,9,4,2,18,50,50,136,0,1
1030702,1,2,1,103,12,蓬莱岛--会合,6,102,"{exp:6,gold:0,items:[[15202,110],[19202,50],[40001,50]]}",{},循着沙僧的暗号，在秘道中与他会合了！,1030801,"[13768,6458,6909,100134]",2030701,,101001,0,101004,0,200221,0,200311,0,300331,3.12,9,4,2,20,50,50,137,0,1
1030801,1,1,0,103,1,蓬莱岛--团结,6,103,"{exp:6,gold:0,items:[[13202,110],[14202,50],[40001,50]]}",{},一个人对抗黑暗是困难的，大家一起团结起来就好多了！,1030802,"[14165,6644,7108,103018]",0,,0,200111,0,101005,0,300211,200331,0,200312,3.25,6,4,2,22,50,50,138,0,1
1030802,1,2,1,103,3,蓬莱岛--团结,6,104,"{exp:6,gold:0,items:[[13202,110],[14202,50],[40001,50]],phantom:[106005]}",{},一个人对抗黑暗是困难的，大家一起团结起来就好多了！,1040101,"[14237,6678,7144,103542]",2030801,,101001,0,301004,0,0,101005,101003,0,101012,2.86,3,4,2,24,50,50,139,0,1
1040101,1,1,0,104,2,火焰山--土地公,6,101,"{exp:6,gold:0,items:[[16202,110],[13202,50],[10101,80],[40001,50]]}",{},为什么这么热？把土地公揪出来问问到底是怎么回事？,1040102,"[15303,7178,7679,111294]",0,,0,0,300131,101005,200221,0,200311,0,200311,3.55,3,4,2,26,50,50,140,0,1
1040102,1,2,1,104,2,火焰山--土地公,6,102,"{exp:6,gold:0,items:[[16202,110],[13202,50],[10101,80],[40001,50]]}",{},为什么这么热？把土地公揪出来问问到底是怎么回事？,1040201,"[15934,7474,7996,115887]",2040101,,101001,0,200111,0,0,200231,0,101012,300311,3.72,9,4,2,28,50,50,141,0,1
1040201,1,1,0,104,9,火焰山--突变,6,103,"{exp:6,gold:0,items:[[12202,110],[12202,50],[11101,80],[40001,50]]}",{},数月前的剧变导致火焰山又变回了四季皆热的环境！事有蹊跷！,1040202,"[16565,7770,8313,120479]",0,,200141,0,200141,0,300211,200211,0,0,101003,3.89,5,4,2,30,50,50,142,0,1
1040202,1,2,1,104,9,火焰山--突变,6,104,"{exp:6,gold:0,items:[[12202,110],[12202,50],[11101,80],[40001,50]]}",{},数月前的剧变导致火焰山又变回了四季皆热的环境！事有蹊跷！,1040301,"[17197,8067,8629,125071]",2040201,,101004,0,200111,200221,301005,200211,0,0,0,4.06,5,4,3,2,50,50,143,0,1
1040301,1,1,0,104,2,火焰山--表象,6,101,"{exp:6,gold:0,items:[[17202,110],[11202,50],[12101,80],[40001,50]]}",{},环顾热源地附近，没有任何生命的迹象！安静得可怕！,1040302,"[17828,8363,8946,129664]",0,,0,200121,200141,300221,0,0,200331,101012,0,4.23,4,4,3,4,50,50,144,0,1
1040302,1,2,1,104,3,火焰山--表象,6,102,"{exp:6,gold:0,items:[[17202,110],[11202,50],[12101,80],[40001,50]]}",{},环顾热源地附近，没有任何生命的迹象！安静得可怕！,1040401,"[18460,8659,9263,134256]",2040301,,200111,200111,300141,0,101005,200231,0,0,0,4.4,3,5,3,6,50,50,145,0,1
1040401,1,1,0,104,4,火焰山--猜测,6,103,"{exp:6,gold:0,items:[[11202,110],[10202,50],[13101,80],[40001,50]]}",{},三个标记组成的图案，是不是要将三个图案组合起来呢？,1040402,"[19091,8955,9580,138848]",0,,300111,0,200111,0,200211,0,200321,0,101012,4.57,1,5,3,8,50,50,146,0,1
1040402,1,2,1,104,9,火焰山--猜测,6,104,"{exp:6,gold:0,items:[[11202,110],[10202,50],[13101,80],[40001,50]]}",{},三个标记组成的图案，是不是要将三个图案组合起来呢？,1040501,"[19723,9251,9897,143440]",2040401,,200131,200141,301004,0,101008,0,0,200311,0,4.74,3,5,3,10,50,50,147,0,1
1040501,1,1,0,104,6,火焰山--圆形火团,6,101,"{exp:6,gold:0,items:[[18202,110],[14301,55],[14101,80],[40001,50]]}",{},拼好圆形图案后一阵轰鸣，一个巨大的圆形火团向你袭来！,1040502,"[20354,9548,10214,148033]",0,,200111,300131,200111,101005,200221,0,0,0,0,4.91,2,5,3,12,50,50,148,0,1
1040502,1,2,1,104,2,火焰山--圆形火团,6,102,"{exp:6,gold:0,items:[[18202,110],[14301,55],[14101,80],[40001,50]]}",{},拼好圆形图案后一阵轰鸣，一个巨大的圆形火团向你袭来！,1040601,"[20985,9844,10531,152625]",2040501,,0,300141,200121,0,200231,101005,0,0,101003,5.08,2,5,3,14,50,50,149,0,1
1040601,1,1,0,104,3,火焰山--方形火团,6,103,"{exp:6,gold:0,items:[[10202,110],[15301,55],[15101,80],[40001,50]]}",{},已经做好了迎接方形火团的准备！来吧！,1040602,"[21617,10140,10848,157217]",0,,0,101001,200131,0,0,0,200341,300311,200311,5.25,8,5,3,16,50,50,150,0,1
1040602,1,2,1,104,4,火焰山--方形火团,6,104,"{exp:6,gold:0,items:[[10202,110],[15301,55],[15101,80],[40001,50]]}",{},已经做好了迎接方形火团的准备！来吧！,1040701,"[22248,10436,11164,161809]",2040601,,0,200131,101004,200221,0,0,101012,301003,0,5.42,8,5,3,18,50,50,151,0,1
1040701,1,1,0,104,9,火焰山--开门,6,101,"{exp:6,gold:0,items:[[19202,110],[13301,55],[19101,80],[40001,50]]}",{},完成菱形图案后一道热浪扑来，一道隐形的大门缓缓打开！,1040702,"[22880,10732,11481,166402]",0,,0,200111,200121,300221,200221,0,0,101003,0,5.59,4,5,3,20,50,50,152,0,1
1040702,1,2,1,104,6,火焰山--开门,6,102,"{exp:6,gold:0,items:[[19202,110],[13301,55],[19101,80],[40001,50]]}",{},完成菱形图案后一道热浪扑来，一道隐形的大门缓缓打开！,1040801,"[23511,11029,11798,170994]",2040701,,101001,200121,0,0,101005,300241,0,0,101003,5.76,6,5,3,22,50,50,153,0,1
1040801,1,1,0,104,2,火焰山--炽热的心,6,103,"{exp:6,gold:0,items:[[14202,150],[16301,55],[18101,80],[40001,50]]}",{},祝融说有能力破解他机关的人就是有缘人！有缘人！你懂的！,1040802,"[24143,11325,12115,175586]",0,,0,0,101004,0,200211,200241,0,300341,200321,5.93,8,5,3,24,50,50,154,0,1
1040802,1,2,1,104,3,火焰山--炽热的心,6,104,"{exp:6,gold:0,items:[[14202,150],[16301,55],[18101,80],[40001,50]],immortal:100008}",{},祝融说有能力破解他机关的人就是有缘人！有缘人！你懂的！,1050101,"[24477,11482,12283,178017]",2040801,,0,0,101001,301008,0,101005,0,101003,101012,5.42,4,5,3,26,50,50,155,0,1
1050101,1,1,0,105,4,火焰山2--怀念,6,101,"{exp:6,gold:0,items:[[13202,150],[12301,55],[17101,80],[40001,50]]}",{},老孙看着手上的棒子，想起了龙宫的挚友，他还好么？,1050102,"[25967,12180,13030,188852]",0,,300111,200141,0,200231,101005,0,0,0,200311,6.18,1,5,3,28,50,50,156,0,1
1050102,1,2,1,105,9,火焰山2--怀念,6,102,"{exp:6,gold:0,items:[[13202,150],[12301,55],[17101,80],[40001,50]]}",{},老孙看着手上的棒子，想起了龙宫的挚友，他还好么？,1050201,"[26732,12539,13414,194415]",2050101,,301004,0,200141,101008,0,200211,0,0,200321,6.26,1,5,3,30,50,50,157,0,1
1050201,1,1,0,105,6,火焰山2--风雨飘摇,6,103,"{exp:6,gold:0,items:[[12202,150],[17301,55],[16101,80],[40001,50]]}",{},失去了定海神针的东海风雨飘摇，一幅黯淡的景象！,1050202,"[27496,12898,13798,199977]",0,,0,300141,200111,0,101005,200211,0,200321,0,6.33,2,5,3,32,50,50,158,0,1
1050202,1,2,1,105,2,火焰山2--风雨飘摇,6,104,"{exp:6,gold:0,items:[[12202,150],[17301,55],[16101,80],[40001,50]]}",{},失去了定海神针的东海风雨飘摇，一幅黯淡的景象！,1050301,"[28261,13257,14182,205540]",2050201,,200131,200121,101004,101008,0,0,0,300341,0,6.41,8,5,3,34,50,50,159,0,1
1050301,1,1,0,105,3,火焰山2--错误,6,101,"{exp:6,gold:0,items:[[11202,150],[11301,55],[19201,95],[40001,50]]}",{},原以为地处深海的水晶宫会有些许的平静，看来我们错了！,1050302,"[29026,13616,14566,211103]",0,,0,200131,101001,200241,200221,0,0,300341,0,6.49,8,5,3,35,50,50,160,0,1
1050302,1,2,1,105,4,火焰山2--错误,6,102,"{exp:6,gold:0,items:[[11202,150],[11301,55],[19201,95],[40001,50]]}",{},原以为地处深海的水晶宫会有些许的平静，看来我们错了！,1050401,"[29791,13974,14949,216665]",2050301,,301004,0,0,101008,200211,200231,200331,0,0,6.57,1,5,4,2,50,50,161,0,1
1050401,1,1,0,105,9,火焰山2--悲剧,6,103,"{exp:6,gold:0,items:[[10202,150],[18301,55],[18201,95],[40001,50]]}",{},蚩尤控制了东海里的各种生物，不肯归顺的下场可悲！,1050402,"[30556,14333,15333,222228]",0,,200121,200111,200141,0,300221,0,0,101012,0,6.65,5,5,4,4,50,50,162,0,1
1050402,1,2,1,105,6,火焰山2--悲剧,6,104,"{exp:6,gold:0,items:[[10202,150],[18301,55],[18201,95],[40001,50]]}",{},蚩尤控制了东海里的各种生物，不肯归顺的下场可悲！,1050501,"[31321,14692,15717,227791]",2050401,,101001,0,0,200211,0,301008,200321,101003,0,6.72,6,5,4,6,50,50,163,0,1
1050501,1,1,0,105,2,火焰山2--海穴,6,101,"{exp:6,gold:0,items:[[14301,125],[10301,55],[17201,95],[40001,50]]}",{},老孙突然想起龙王曾提起定海神针原址附近有个海穴！,1050502,"[32086,15051,16101,233353]",0,,0,0,300141,200231,0,0,200311,200341,101012,6.8,3,5,4,8,50,50,164,0,1
1050502,1,2,1,105,3,火焰山2--海穴,6,102,"{exp:6,gold:0,items:[[14301,125],[10301,55],[17201,95],[40001,50]]}",{},老孙突然想起龙王曾提起定海神针原址附近有个海穴！,1050601,"[32851,15410,16485,238916]",2050501,,101001,0,101004,200221,0,300241,0,200321,0,6.88,6,6,4,10,50,50,165,0,1
1050601,1,1,0,105,4,火焰山2--浑然天成,6,103,"{exp:6,gold:0,items:[[15301,125],[19301,55],[16201,95],[40001,50]]}",{},一个浑然天成的海穴隐藏在深不见底的海沟旁边！,1050602,"[33615,15768,16869,244479]",0,,0,101001,300131,0,200211,200231,0,0,200331,6.96,3,6,4,12,50,50,166,0,1
1050602,1,2,1,105,9,火焰山2--浑然天成,6,104,"{exp:6,gold:0,items:[[15301,125],[19301,55],[16201,95],[40001,50]]}",{},一个浑然天成的海穴隐藏在深不见底的海沟旁边！,1050701,"[34380,16127,17252,250041]",2050601,,300141,200111,0,200241,0,0,101012,101003,0,7.04,1,6,4,14,50,50,167,0,1
1050701,1,1,0,105,6,火焰山2--避世,6,101,"{exp:6,gold:0,items:[[13301,125],[15301,60],[12201,95],[40001,50]]}",{},这里真是一个避世的好地方，怪不得龙王会委身于此！,1050702,"[35145,16486,17636,255604]",0,,300111,200131,200131,0,200211,0,0,0,101012,7.11,1,6,4,16,50,50,168,0,1
1050702,1,2,1,105,2,火焰山2--避世,6,102,"{exp:6,gold:0,items:[[13301,125],[15301,60],[12201,95],[40001,50]]}",{},这里真是一个避世的好地方，怪不得龙王会委身于此！,1050801,"[35910,16845,18020,261167]",2050701,,0,300141,200141,101005,0,0,101012,200341,0,7.19,2,6,4,18,50,50,169,0,1
1050801,1,1,0,105,3,火焰山2--直面挑战,6,103,"{exp:6,gold:0,items:[[16301,125],[14301,60],[10201,95],[40001,50]]}",{},逃避不是办法，勇于直面挑战才是真龙王！一起走着！,1050802,"[36675,17204,18404,266729]",0,,101004,0,200111,200211,0,300231,0,0,200331,7.27,6,6,4,20,50,50,170,0,1
1050802,1,2,1,105,4,火焰山2--直面挑战,6,104,"{exp:6,gold:0,items:[[16301,125],[14301,60],[10201,95],[40001,50]],phantom:[106004]}",{},逃避不是办法，勇于直面挑战才是真龙王！一起走着！,1060101,"[36943,17329,18538,268676]",2050801,,101001,0,101004,0,301008,101005,0,101012,,7.35,5,6,4,22,50,50,171,0,1
1060101,1,1,0,106,1,女儿国--初来乍到,6,101,"{exp:6,gold:0,items:[[12301,125],[16301,60],[11201,95],[40001,50]]}",{},女儿国果然名不虚传，是不是有一种来了就不想走的感觉？有没有？,1060102,"[39022,18305,19582,283800]",0,,200121,101001,0,300221,0,0,200321,200321,0,7.45,4,6,4,24,50,50,172,0,1
1060102,1,2,1,106,3,女儿国--初来乍到,6,102,"{exp:6,gold:0,items:[[12301,125],[16301,60],[11201,95],[40001,50]]}",{},女儿国果然名不虚传，是不是有一种来了就不想走的感觉？有没有？,1060201,"[39968,18748,20056,290680]",2060101,,0,0,300111,101005,101008,0,200331,0,200311,7.56,3,6,4,26,50,50,173,0,1
1060201,1,1,0,106,4,女儿国--泡下温泉,6,103,"{exp:6,gold:0,items:[[17301,125],[13301,60],[14202,110],[40001,50]]}",{},女儿国温泉泡起来甚是舒服，不过泡的时候要注意警戒哦！,1060202,"[40914,19192,20531,297560]",0,,101004,200131,0,0,200231,0,200341,0,300331,7.66,9,6,4,28,50,50,174,0,1
1060202,1,2,1,106,5,女儿国--泡下温泉,6,104,"{exp:6,gold:0,items:[[17301,125],[13301,60],[14202,110],[40001,50]]}",{},女儿国温泉泡起来甚是舒服，不过泡的时候要注意警戒哦！,1060301,"[41860,19636,21006,304440]",2060201,,300121,0,0,0,101008,200241,101012,200311,0,7.76,1,6,4,30,50,50,175,0,1
1060301,1,1,0,106,6,女儿国--觐见,6,101,"{exp:6,gold:0,items:[[11301,125],[17301,60],[15202,110],[40001,50]]}",{},女王大人果然是美女！她请我们帮个小忙，真不好意思拒绝！,1060302,"[42806,20080,21481,311320]",0,,0,0,101001,200241,0,0,200321,200311,300341,7.87,9,6,4,32,50,50,176,0,1
1060302,1,2,1,106,8,女儿国--觐见,6,102,"{exp:6,gold:0,items:[[11301,125],[17301,60],[15202,110],[40001,50]]}",{},女王大人果然是美女！她请我们帮个小忙，真不好意思拒绝！,1060401,"[43752,20523,21955,318200]",2060301,,200141,200111,200131,0,101008,301005,0,0,0,7.97,6,6,4,34,50,50,177,0,1
1060401,1,1,0,106,12,女儿国--别有洞天,6,103,"{exp:6,gold:0,items:[[18301,125],[12301,60],[13202,110],[40001,50]]}",{},这个溶洞从外面根本其貌不扬，进来才发现真是别有洞天！,1060402,"[44698,20967,22430,325080]",0,,200141,0,200121,300211,0,0,101003,200311,0,8.08,4,6,4,36,50,50,178,0,1
1060402,1,2,1,106,1,女儿国--别有洞天,6,104,"{exp:6,gold:0,items:[[18301,125],[12301,60],[13202,110],[40001,50]]}",{},这个溶洞从外面根本其貌不扬，进来才发现真是别有洞天！,1060501,"[45644,21411,22905,331960]",2060401,,200111,0,200111,0,0,101008,0,301003,200311,8.18,8,6,4,38,50,50,179,0,1
1060501,1,1,0,106,3,女儿国--神秘人,6,101,"{exp:6,gold:0,items:[[10301,125],[18301,60],[16202,110],[40001,50]]}",{},找到一些女人的衣物！谁会生活在这暗无天日的溶洞之中？,1060502,"[46590,21855,23379,338840]",0,,0,0,200131,0,0,101005,200331,300331,200341,8.28,8,6,4,40,50,50,180,0,1
1060502,1,2,1,106,4,女儿国--神秘人,6,102,"{exp:6,gold:0,items:[[10301,125],[18301,60],[16202,110],[40001,50]]}",{},找到一些女人的衣物！谁会生活在这暗无天日的溶洞之中？,1060601,"[47536,22298,23854,345720]",2060501,,200131,0,0,101005,101008,200241,0,301012,0,8.39,8,6,5,2,50,50,181,0,1
1060601,1,1,0,106,5,女儿国--守株待兔,6,103,"{exp:6,gold:0,items:[[19301,125],[11301,60],[12202,110],[40001,50]]}",{},神秘人好像不在这洞内，干脆做好准备等她回来吧！,1060602,"[48482,22742,24329,352600]",0,,200141,0,0,101008,300241,0,0,200321,200311,8.49,5,6,5,4,50,50,182,0,1
1060602,1,2,1,106,6,女儿国--守株待兔,6,104,"{exp:6,gold:0,items:[[19301,125],[11301,60],[12202,110],[40001,50]]}",{},神秘人好像不在这洞内，干脆做好准备等她回来吧！,1060701,"[49428,23186,24804,359480]",2060601,,0,0,301004,200241,101005,101008,200311,0,0,8.6,3,6,5,6,50,50,183,0,1
1060701,1,1,0,106,8,女儿国--不打不相识,6,101,"{exp:6,gold:0,items:[[15301,180],[19301,60],[17202,110],[40001,50]]}",{},战斗之后一切答案都将揭晓！,1060702,"[50374,23630,25278,366360]",0,,0,101004,200131,200241,0,0,300321,200341,0,8.7,7,6,5,8,50,50,184,0,1
1060702,1,2,1,106,12,女儿国--不打不相识,6,102,"{exp:6,gold:0,items:[[15301,180],[19301,60],[17202,110],[40001,50]]}",{},战斗之后一切答案都将揭晓！,1060801,"[51320,24073,25753,373240]",2060701,,200141,301001,0,0,0,0,101006,101003,101012,8.8,2,7,5,10,50,50,185,0,1
1060801,1,1,0,106,1,女儿国--风雨同路,6,103,"{exp:6,gold:0,items:[[14301,180],[10301,60],[11202,110],[40001,50]]}",{},女王大人的加入让我们实力大增，黑风山是我们下一个目的地！,1060802,"[52266,24517,26228,380120]",0,,200121,0,0,0,300231,101008,200321,200331,0,8.91,5,7,5,12,50,50,186,0,1
1060802,1,2,1,106,3,女儿国--风雨同路,6,104,"{exp:6,gold:0,items:[[14301,180],[10301,60],[11202,110],[40001,50]],immortal:100006}",{},女王大人的加入让我们实力大增，黑风山是我们下一个目的地！,1070101,"[53094,24906,26643,386140]",2060801,,101001,0,101004,0,101008,0,301006,0,101012,9.01,7,7,5,14,50,50,187,0,1
1070101,1,1,0,107,4,女儿国2--寻水,6,101,"{exp:6,gold:0,items:[[16301,180],[14302,65],[18202,110],[40001,50]]}",{},赶路多日，饮水所剩无几，查探周围的环境，顺便取点水吧！,1070102,"[530940,249060,266430,3861400]",0,,0,0,200121,300211,200231,200231,0,101012,0,9.09,4,7,5,16,50,50,188,0,1
1070102,1,2,1,107,5,女儿国2--寻水,6,102,"{exp:6,gold:0,items:[[16301,180],[14302,65],[18202,110],[40001,50]]}",{},赶路多日，饮水所剩无几，查探周围的环境，顺便取点水吧！,1070201,"[530940,249060,266430,3861400]",2070101,,0,200111,200111,200211,301008,101005,0,0,0,9.17,5,7,5,18,50,50,189,0,1
1070201,1,1,0,107,6,女儿国2--真面目,6,103,"{exp:6,gold:0,items:[[13301,180],[15302,65],[10202,110],[40001,50]]}",{},白衣秀士又是蚩尤幻化的角色，早在意料之中！,1070202,"[530940,249060,266430,3861400]",0,,200131,0,200121,200231,0,300221,0,0,101003,9.25,6,7,5,20,50,50,190,0,1
1070202,1,2,1,107,8,女儿国2--真面目,6,104,"{exp:6,gold:0,items:[[13301,180],[15302,65],[10202,110],[40001,50]]}",{},白衣秀士又是蚩尤幻化的角色，早在意料之中！,1070301,"[530940,249060,266430,3861400]",2070201,,200121,0,200131,0,0,301008,0,101006,101003,9.33,6,7,5,22,50,50,191,0,1
1070301,1,1,0,107,12,女儿国2--神秘黑衣人,6,101,"{exp:6,gold:0,items:[[17301,180],[13302,65],[19202,110],[40001,50]]}",{},洞府布置得富丽堂皇，住在这里的人不容小觑！,1070302,"[530940,249060,266430,3861400]",0,,101004,0,300121,200221,0,200231,0,200331,0,9.4,3,7,5,24,50,50,192,0,1
1070302,1,2,1,107,1,女儿国2--神秘黑衣人,6,102,"{exp:6,gold:0,items:[[17301,180],[13302,65],[19202,110],[40001,50]]}",{},洞府布置得富丽堂皇，住在这里的人不容小觑！,1070401,"[530940,249060,266430,3861400]",2070301,,0,101004,200121,300211,0,0,200321,101012,0,9.48,4,7,5,26,50,50,193,0,1
1070401,1,1,0,107,3,女儿国2--除幻象,6,103,"{exp:6,gold:0,items:[[12301,180],[16302,65],[14202,110],[40001,50]]}",{},解决黑白幻影后整个洞府都恢复了原貌，原来所见的一切都是幻象！,1070402,"[530940,249060,266430,3861400]",0,,0,300131,0,0,101005,0,200311,200321,200341,9.56,2,7,5,28,50,50,194,0,1
1070402,1,2,1,107,4,女儿国2--除幻象,6,104,"{exp:6,gold:0,items:[[12301,180],[16302,65],[14202,110],[40001,50]]}",{},解决黑白幻影后整个洞府都恢复了原貌，原来所见的一切都是幻象！,1070501,"[530940,249060,266430,3861400]",2070401,,200111,0,200121,101008,0,0,200341,301006,0,9.64,8,7,5,30,50,50,195,0,1
1070501,1,1,0,107,5,女儿国2--一战白骨精,6,101,"{exp:6,gold:0,items:[[18301,180],[12302,65],[13202,110],[40001,50]]}",{},美女突然发起了攻击，糟糕！一定把我们当坏人了！,1070502,"[530940,249060,266430,3861400]",0,,0,200111,101001,200221,300231,200221,0,0,0,9.72,5,7,5,32,50,50,196,0,1
1070502,1,2,1,107,6,女儿国2--一战白骨精,6,102,"{exp:6,gold:0,items:[[18301,180],[12302,65],[13202,110],[40001,50]]}",{},美女突然发起了攻击，糟糕！一定把我们当坏人了！,1070601,"[530940,249060,266430,3861400]",2070501,,101004,0,200131,0,0,0,101012,200321,301003,9.79,9,7,5,34,50,50,197,0,1
1070601,1,1,0,107,8,女儿国2--二战白骨精,6,103,"{exp:6,gold:0,items:[[11301,180],[17302,65],[12202,110],[40001,50]]}",{},这女人总能在战败后瞬间恢复战斗力，真是个高手！,1070602,"[530940,249060,266430,3861400]",0,,200111,200121,0,0,101008,0,300321,0,200341,9.87,7,7,5,36,50,50,198,0,1
1070602,1,2,1,107,12,女儿国2--二战白骨精,6,104,"{exp:6,gold:0,items:[[11301,180],[17302,65],[12202,110],[40001,50]]}",{},这女人总能在战败后瞬间恢复战斗力，真是个高手！,1070701,"[530940,249060,266430,3861400]",2070601,,101004,0,0,200241,301005,200221,0,0,101006,9.95,5,7,5,38,50,50,199,0,1
1070701,1,1,0,107,1,女儿国2--沟通,6,101,"{exp:6,gold:0,items:[[19301,180],[11302,65],[11202,110],[40001,50]]}",{},原来白骨精一直被蚩尤的幻象所迷惑！还好我们及时赶到！,1070702,"[530940,249060,266430,3861400]",0,,0,300131,0,200221,200231,0,200331,0,101003,10.03,2,7,5,40,50,50,200,0,1
1070702,1,2,1,107,3,女儿国2--沟通,6,102,"{exp:6,gold:0,items:[[19301,180],[11302,65],[11202,110],[40001,50]]}",{},原来白骨精一直被蚩尤的幻象所迷惑！还好我们及时赶到！,1070801,"[530940,249060,266430,3861400]",2070701,,101001,200121,301004,200211,200231,0,0,0,0,10.11,3,7,5,42,50,50,201,0,1
1070801,1,1,0,107,4,女儿国2--结缘,6,103,"{exp:6,gold:0,items:[[10301,180],[18302,65],[10202,110],[40001,50]]}",{},冥冥之中仿佛注定了某些东西，白骨精和我们结缘于黑风山！,1070802,"[530940,249060,266430,3861400]",0,,0,300121,0,101005,200221,0,0,200341,200311,10.18,2,7,5,44,50,50,202,0,1
1070802,1,2,1,107,5,女儿国2--结缘,6,104,"{exp:6,gold:0,items:[[10301,180],[18302,65],[10202,110],[40001,50]],phantom:[106003]}",{},冥冥之中仿佛注定了某些东西，白骨精和我们结缘于黑风山！,1080101,"[530940,249060,266430,3861400]",2070801,,0,101001,101004,0,101005,0,101012,0,301006,10.26,9,7,5,45,50,50,203,0,1
1080101,1,1,0,108,1,花果山--出海,6,101,"{exp:6,gold:0,items:[[14302,140],[10302,65],[14301,125],[40001,50]]}",{},去往仙山的路途遥远，大家都面无惧色的做着出发前的准备！,1080102,"[530940,249060,266430,3861400]",0,,0,300131,0,200221,0,200211,200341,0,101003,10.34,2,7,6,2,50,50,204,0,1
1080102,1,2,0,108,10,花果山--出海,6,102,"{exp:6,gold:0,items:[[14302,140],[10302,65],[14301,125],[40001,50]]}",{},去往仙山的路途遥远，大家都面无惧色的做着出发前的准备！,1080103,"[530940,249060,266430,3861400]",0,,200141,200121,200131,0,0,300241,101003,0,0,10.41,6,8,6,4,50,50,205,0,1
1080103,1,3,1,108,11,花果山--出海,6,103,"{exp:6,gold:0,items:[[14302,140],[10302,65],[14301,125],[40001,50]]}",{},去往仙山的路途遥远，大家都面无惧色的做着出发前的准备！,1080201,"[530940,249060,266430,3861400]",2080101,,200111,200111,200111,0,301008,0,0,0,101006,10.49,5,8,6,6,50,50,206,0,1
1080201,1,1,0,108,4,花果山--九龙桥,6,104,"{exp:6,gold:0,items:[[15302,140],[19302,65],[15301,125],[40001,50]]}",{},往水帘洞的路上经过九龙桥，发现打斗的痕迹！,1080202,"[530940,249060,266430,3861400]",0,,200111,0,200121,0,0,200231,0,300321,101003,10.56,8,8,6,8,50,50,207,0,1
1080202,1,2,0,108,3,花果山--九龙桥,6,101,"{exp:6,gold:0,items:[[15302,140],[19302,65],[15301,125],[40001,50]]}",{},往水帘洞的路上经过九龙桥，发现打斗的痕迹！,1080203,"[530940,249060,266430,3861400]",0,,200141,0,200111,200211,101008,0,0,300311,0,10.64,8,8,6,10,50,50,208,0,1
1080203,1,3,1,108,1,花果山--九龙桥,6,102,"{exp:6,gold:0,items:[[15302,140],[19302,65],[15301,125],[40001,50]]}",{},往水帘洞的路上经过九龙桥，发现打斗的痕迹！,1080301,"[530940,249060,266430,3861400]",2080201,,0,200141,101001,0,301005,0,101012,0,200311,10.71,5,8,6,12,50,50,209,0,1
1080301,1,1,0,108,10,花果山--出手,6,103,"{exp:6,gold:0,items:[[13302,140],[15302,70],[13301,125],[40001,50]]}",{},大殿里的黑影正准备离开，你不管三七二十一就出手了……,1080302,"[530940,249060,266430,3861400]",0,,200111,0,0,101008,300241,0,200341,0,200321,10.79,5,8,6,14,50,50,210,0,1
1080302,1,2,0,108,11,花果山--出手,6,104,"{exp:6,gold:0,items:[[13302,140],[15302,70],[13301,125],[40001,50]]}",{},大殿里的黑影正准备离开，你不管三七二十一就出手了……,1080303,"[530940,249060,266430,3861400]",0,,0,200141,0,200211,0,200221,0,101003,300331,10.86,9,8,6,16,50,50,211,0,1
1080303,1,3,1,108,4,花果山--出手,6,101,"{exp:6,gold:0,items:[[13302,140],[15302,70],[13301,125],[40001,50]]}",{},大殿里的黑影正准备离开，你不管三七二十一就出手了……,1080401,"[530940,249060,266430,3861400]",2080301,,200141,200131,0,0,0,0,101006,301012,101003,10.94,8,8,6,18,50,50,212,0,1
1080401,1,1,0,108,3,花果山--消失,6,102,"{exp:6,gold:0,items:[[16302,140],[14302,70],[16301,125],[40001,50]]}",{},黑影没有理会你的质问，一眨眼就消失了，留下几个难缠的小弟！,1080402,"[530940,249060,266430,3861400]",0,,0,200121,200111,0,101008,0,300331,0,200311,11.01,7,8,6,20,50,50,213,0,1
1080402,1,2,0,108,1,花果山--消失,6,103,"{exp:6,gold:0,items:[[16302,140],[14302,70],[16301,125],[40001,50]]}",{},黑影没有理会你的质问，一眨眼就消失了，留下几个难缠的小弟！,1080403,"[530940,249060,266430,3861400]",0,,0,101004,0,0,0,300221,200341,200321,200331,11.09,6,8,6,22,50,50,214,0,1
1080403,1,3,1,108,10,花果山--消失,6,104,"{exp:6,gold:0,items:[[16302,140],[14302,70],[16301,125],[40001,50]]}",{},黑影没有理会你的质问，一眨眼就消失了，留下几个难缠的小弟！,1080501,"[530940,249060,266430,3861400]",2080401,,200131,0,200131,101005,0,301008,0,0,101006,11.16,6,8,6,24,50,50,215,0,1
1080501,1,1,0,108,11,花果山--一线天,6,101,"{exp:6,gold:0,items:[[12302,140],[16302,70],[12301,125],[40001,50]]}",{},这里一夫当关万夫莫开，小心腹背受敌哦，亲！,1080502,"[530940,249060,266430,3861400]",0,,200121,0,200131,0,0,0,101003,200311,300341,11.24,9,8,6,26,50,50,216,0,1
1080502,1,2,0,108,4,花果山--一线天,6,102,"{exp:6,gold:0,items:[[12302,140],[16302,70],[12301,125],[40001,50]]}",{},这里一夫当关万夫莫开，小心腹背受敌哦，亲！,1080503,"[530940,249060,266430,3861400]",0,,0,300141,0,0,200221,0,200331,200321,200341,11.31,2,8,6,28,50,50,217,0,1
1080503,1,3,1,108,3,花果山--一线天,6,103,"{exp:6,gold:0,items:[[12302,140],[16302,70],[12301,125],[40001,50]]}",{},这里一夫当关万夫莫开，小心腹背受敌哦，亲！,1080601,"[530940,249060,266430,3861400]",2080501,,200121,101009,200131,101008,0,0,301006,0,0,11.39,7,8,6,30,50,50,218,0,1
1080601,1,1,0,108,1,花果山--唐僧崖,6,104,"{exp:6,gold:0,items:[[17302,140],[13302,70],[17301,125],[40001,50]]}",{},远眺一线天，石崖就像唐僧佛眼微闭正在肃目修行！,1080602,"[530940,249060,266430,3861400]",0,,300121,200131,200131,101008,0,0,0,200341,0,11.46,1,8,6,32,50,50,219,0,1
1080602,1,2,0,108,10,花果山--唐僧崖,6,101,"{exp:6,gold:0,items:[[17302,140],[13302,70],[17301,125],[40001,50]]}",{},远眺一线天，石崖就像唐僧佛眼微闭正在肃目修行！,1080603,"[530940,249060,266430,3861400]",0,,200111,0,200131,101008,300231,0,0,0,200321,11.54,5,8,6,34,50,50,220,0,1
1080603,1,3,1,108,11,花果山--唐僧崖,6,102,"{exp:6,gold:0,items:[[17302,140],[13302,70],[17301,125],[40001,50]]}",{},远眺一线天，石崖就像唐僧佛眼微闭正在肃目修行！,1080701,"[530940,249060,266430,3861400]",2080601,,0,301001,101009,200221,0,101005,0,101003,0,11.61,2,8,6,36,50,50,221,0,1
1080701,1,1,0,108,4,花果山--挡路,6,103,"{exp:6,gold:0,items:[[11302,140],[17302,70],[11301,125],[40001,50]]}",{},我们是来找孙大圣的！动不动就打打杀杀的！何必呢？,1080702,"[530940,249060,266430,3861400]",0,,0,101004,300141,200221,0,0,200341,200311,0,11.68,3,8,6,38,50,50,222,0,1
1080702,1,2,0,108,3,花果山--挡路,6,104,"{exp:6,gold:0,items:[[11302,140],[17302,70],[11301,125],[40001,50]]}",{},我们是来找孙大圣的！动不动就打打杀杀的！何必呢？,1080703,"[530940,249060,266430,3861400]",0,,0,200141,101004,0,200231,300211,0,0,200341,11.76,6,8,6,40,50,50,223,0,1
1080703,1,3,1,108,1,花果山--挡路,6,101,"{exp:6,gold:0,items:[[11302,140],[17302,70],[11301,125],[40001,50]]}",{},我们是来找孙大圣的！动不动就打打杀杀的！何必呢？,1080801,"[530940,249060,266430,3861400]",2080701,,0,101009,301004,101008,0,0,200341,101006,0,11.83,3,8,6,42,50,50,224,0,1
1080801,1,1,0,108,10,花果山--同行,6,102,"{exp:6,gold:0,items:[[18302,140],[12302,70],[18301,125],[40001,50]]}",{},大圣说还没和蚩尤交过手，那是要加入我们的意思吧？妥妥的！,1080802,"[530940,249060,266430,3861400]",0,,0,300141,0,200231,101005,0,200331,200321,0,11.91,2,8,6,44,50,50,225,0,1
1080802,1,2,0,108,11,花果山--同行,6,103,"{exp:6,gold:0,items:[[18302,140],[12302,70],[18301,125],[40001,50]]}",{},大圣说还没和蚩尤交过手，那是要加入我们的意思吧？妥妥的！,1080803,"[530940,249060,266430,3861400]",0,,200141,101001,0,200221,0,0,300341,200331,0,11.98,7,8,6,46,50,50,226,0,1
1080803,1,3,1,108,4,花果山--同行,6,104,"{exp:6,gold:0,items:[[18302,140],[12302,70],[18301,125],[40001,50]],immortal:100009}",{},大圣说还没和蚩尤交过手，那是要加入我们的意思吧？妥妥的！,1090101,"[530940,249060,266430,3861400]",2080801,,0,301009,101004,0,0,101005,0,101003,101006,12.06,2,8,6,48,50,50,227,0,1
1090101,1,1,0,109,3,花果山2--问题来了,6,101,"{exp:6,gold:0,items:[[10302,140],[18302,70],[10301,125],[40001,50]]}",{},对抗蚩尤没有犀利的法宝怎么行？那么问题来了，找谁？,1090102,"[530940,249060,266430,3861400]",0,,300141,0,0,101005,200241,200241,0,200341,0,12.12,1,8,6,50,50,50,228,0,1
1090102,1,2,0,109,1,花果山2--问题来了,6,102,"{exp:6,gold:0,items:[[10302,140],[18302,70],[10301,125],[40001,50]]}",{},对抗蚩尤没有犀利的法宝怎么行？那么问题来了，找谁？,1090103,"[530940,249060,266430,3861400]",0,,0,200111,200121,0,101008,200231,0,0,300311,12.18,9,8,7,2,50,50,229,0,1
1090103,1,3,1,109,10,花果山2--问题来了,6,103,"{exp:6,gold:0,items:[[10302,140],[18302,70],[10301,125],[40001,50]]}",{},对抗蚩尤没有犀利的法宝怎么行？那么问题来了，找谁？,1090201,"[530940,249060,266430,3861400]",2090101,,0,101009,301005,200231,101008,0,0,0,200311,12.24,3,8,7,4,50,50,230,0,1
1090201,1,1,0,109,11,花果山2--军火商,6,104,"{exp:6,gold:0,items:[[19302,140],[11302,70],[19301,125],[40001,50]]}",{},据哪吒爆料，其父李天王乃天庭秘密军火商，前去拜会下吧！,1090202,"[530940,249060,266430,3861400]",0,,0,101009,200131,200211,300241,200221,0,0,0,12.3,5,8,7,6,50,50,231,0,1
1090202,1,2,0,109,4,花果山2--军火商,6,101,"{exp:6,gold:0,items:[[19302,140],[11302,70],[19301,125],[40001,50]]}",{},据哪吒爆料，其父李天王乃天庭秘密军火商，前去拜会下吧！,1090203,"[530940,249060,266430,3861400]",0,,200131,200111,0,0,200241,101005,0,0,300321,12.36,9,8,7,8,50,50,232,0,1
1090203,1,3,1,109,3,花果山2--军火商,6,102,"{exp:6,gold:0,items:[[19302,140],[11302,70],[19301,125],[40001,50]]}",{},据哪吒爆料，其父李天王乃天庭秘密军火商，前去拜会下吧！,1090301,"[530940,249060,266430,3861400]",2090201,,0,301009,0,101005,101008,200231,0,200311,0,12.42,2,8,7,10,50,50,233,0,1
1090301,1,1,0,109,1,花果山2--残垣断壁,6,103,"{exp:6,gold:0,items:[[15302,200],[19302,70],[15301,125],[40001,50]]}",{},曾经的天庭何其气魄，现在却落得残垣断壁、妖物横生！,1090302,"[530940,249060,266430,3861400]",0,,0,300111,200121,200241,0,200231,0,101003,0,12.48,2,8,7,12,50,50,234,0,1
1090302,1,2,0,109,10,花果山2--残垣断壁,6,104,"{exp:6,gold:0,items:[[15302,200],[19302,70],[15301,125],[40001,50]]}",{},曾经的天庭何其气魄，现在却落得残垣断壁、妖物横生！,1090303,"[530940,249060,266430,3861400]",0,,0,0,101004,200241,200211,0,0,300311,200341,12.54,8,9,7,14,50,50,235,0,1
1090303,1,3,1,109,11,花果山2--残垣断壁,6,101,"{exp:6,gold:0,items:[[15302,200],[19302,70],[15301,125],[40001,50]]}",{},曾经的天庭何其气魄，现在却落得残垣断壁、妖物横生！,1090401,"[530940,249060,266430,3861400]",2090301,,101004,0,101009,0,200211,0,200341,0,301003,12.6,9,9,7,16,50,50,236,0,1
1090401,1,1,0,109,4,花果山2--是谁,6,102,"{exp:6,gold:0,items:[[14302,200],[10302,70],[14301,125],[40001,50]]}",{},咦？前方有打斗声，是谁招惹到这天庭废墟之中的妖物？,1090402,"[530940,249060,266430,3861400]",0,,200111,200111,200111,101005,300211,0,0,0,0,12.66,5,9,7,18,50,50,237,0,1
1090402,1,2,0,109,3,花果山2--是谁,6,103,"{exp:6,gold:0,items:[[14302,200],[10302,70],[14301,125],[40001,50]]}",{},咦？前方有打斗声，是谁招惹到这天庭废墟之中的妖物？,1090403,"[530940,249060,266430,3861400]",0,,0,0,300111,0,200221,200221,0,200311,200341,12.72,3,9,7,20,50,50,238,0,1
1090403,1,3,1,109,1,花果山2--是谁,6,104,"{exp:6,gold:0,items:[[14302,200],[10302,70],[14301,125],[40001,50]]}",{},咦？前方有打斗声，是谁招惹到这天庭废墟之中的妖物？,1090501,"[530940,249060,266430,3861400]",2090401,,200131,200131,0,101005,0,301008,0,0,200321,12.78,6,9,7,22,50,50,239,0,1
1090501,1,1,0,109,10,花果山2--是他,6,101,"{exp:6,gold:0,items:[[16302,200],[14303,75],[16301,125],[40001,50]]}",{},这不正是我们要找的李天王么？速速助他一臂之力吧！,1090502,"[530940,249060,266430,3861400]",0,,200111,200131,0,0,101005,0,200321,0,300321,12.84,9,9,7,24,50,50,240,0,1
1090502,1,2,0,109,11,花果山2--是他,6,102,"{exp:6,gold:0,items:[[16302,200],[14303,75],[16301,125],[40001,50]]}",{},这不正是我们要找的李天王么？速速助他一臂之力吧！,1090503,"[530940,249060,266430,3861400]",0,,200131,0,200131,0,300231,0,200311,0,200321,12.9,5,9,7,26,50,50,241,0,1
1090503,1,3,1,109,4,花果山2--是他,6,103,"{exp:6,gold:0,items:[[16302,200],[14303,75],[16301,125],[40001,50]]}",{},这不正是我们要找的李天王么？速速助他一臂之力吧！,1090601,"[530940,249060,266430,3861400]",2090501,,301004,200141,0,0,0,200231,0,101006,101003,12.96,1,9,7,28,50,50,242,0,1
1090601,1,1,0,109,3,花果山2--意外收获,6,104,"{exp:6,gold:0,items:[[13302,200],[15303,75],[13301,125],[40001,50]]}",{},原来这废墟下面是以前的秘密军火库，那还犹豫啥呢？拿！,1090602,"[530940,249060,266430,3861400]",0,,200141,0,0,200241,0,101005,200321,0,300331,13.02,9,9,7,30,50,50,243,0,1
1090602,1,2,0,109,1,花果山2--意外收获,6,101,"{exp:6,gold:0,items:[[13302,200],[15303,75],[13301,125],[40001,50]]}",{},原来这废墟下面是以前的秘密军火库，那还犹豫啥呢？拿！,1090603,"[530940,249060,266430,3861400]",0,,101004,200111,0,0,0,200241,0,300321,200331,13.08,8,9,7,32,50,50,244,0,1
1090603,1,3,1,109,10,花果山2--意外收获,6,102,"{exp:6,gold:0,items:[[13302,200],[15303,75],[13301,125],[40001,50]]}",{},原来这废墟下面是以前的秘密军火库，那还犹豫啥呢？拿！,1090701,"[530940,249060,266430,3861400]",2090601,,301001,0,0,101005,200231,0,101012,0,101006,13.14,1,9,7,34,50,50,245,0,1
1090701,1,1,0,109,11,花果山2--私人收藏,6,103,"{exp:6,gold:0,items:[[17302,200],[13303,75],[17301,125],[40001,50]]}",{},李天王请我们帮他取回军火库里的私人收藏！会是什么呢？,1090702,"[530940,249060,266430,3861400]",0,,200111,0,101009,0,0,300241,0,200321,200341,13.2,6,9,7,36,50,50,246,0,1
1090702,1,2,0,109,4,花果山2--私人收藏,6,104,"{exp:6,gold:0,items:[[17302,200],[13303,75],[17301,125],[40001,50]]}",{},李天王请我们帮他取回军火库里的私人收藏！会是什么呢？,1090703,"[530940,249060,266430,3861400]",0,,200121,0,0,101008,0,200221,0,300341,200331,13.26,8,9,7,38,50,50,247,0,1
1090703,1,3,1,109,3,花果山2--私人收藏,6,101,"{exp:6,gold:0,items:[[17302,200],[13303,75],[17301,125],[40001,50]]}",{},李天王请我们帮他取回军火库里的私人收藏！会是什么呢？,1090801,"[530940,249060,266430,3861400]",2090701,,0,301009,0,101005,200211,200211,200341,0,0,13.32,2,9,7,40,50,50,248,0,1
1090801,1,1,0,109,1,花果山2--如虎添翼,6,102,"{exp:6,gold:0,items:[[12302,200],[16303,75],[12301,125],[40001,50]]}",{},拿到玲珑宝塔的李天王如虎添翼，对抗蚩尤的队伍又多一员猛将！,1090802,"[530940,249060,266430,3861400]",0,,0,0,300111,101008,200211,0,101006,0,101012,13.38,3,9,7,42,50,50,249,0,1
1090802,1,2,0,109,10,花果山2--如虎添翼,6,103,"{exp:6,gold:0,items:[[12302,200],[16303,75],[12301,125],[40001,50]]}",{},拿到玲珑宝塔的李天王如虎添翼，对抗蚩尤的队伍又多一员猛将！,1090803,"[530940,249060,266430,3861400]",0,,0,300121,101009,200241,200241,0,0,200341,0,13.44,2,9,7,44,50,50,250,0,1
1090803,1,3,1,109,11,花果山2--如虎添翼,6,104,"{exp:6,gold:0,items:[[12302,200],[16303,75],[12301,125],[40001,50]],phantom:[106002]}",{},拿到玲珑宝塔的李天王如虎添翼，对抗蚩尤的队伍又多一员猛将！,1100101,"[530940,249060,266430,3861400]",2090801,,101001,301009,0,0,101008,0,101012,0,101006,13.5,2,9,7,46,50,50,251,0,1
1100101,1,1,0,110,9,翠云山--托梦,6,101,"{exp:6,gold:0,items:[[18302,200],[12303,75],[18301,125],[40001,50]]}",{},老牛最近总梦到罗刹女，难道是有所指？去芭蕉洞看看吧！,1100102,"[530940,249060,266430,3861400]",0,,300131,0,0,200211,0,101005,200331,200311,0,13.57,1,9,7,48,50,50,252,0,1
1100102,1,2,0,110,3,翠云山--托梦,6,102,"{exp:6,gold:0,items:[[18302,200],[12303,75],[18301,125],[40001,50]]}",{},老牛最近总梦到罗刹女，难道是有所指？去芭蕉洞看看吧！,1100103,"[530940,249060,266430,3861400]",0,,101004,200121,200131,300241,0,200221,0,0,0,13.63,4,9,7,50,50,50,253,0,1
1100103,1,3,1,110,4,翠云山--托梦,6,103,"{exp:6,gold:0,items:[[18302,200],[12303,75],[18301,125],[40001,50]]}",{},老牛最近总梦到罗刹女，难道是有所指？去芭蕉洞看看吧！,1100201,"[530940,249060,266430,3861400]",2100101,,300141,0,0,0,101005,0,200311,200311,101012,13.7,1,9,7,52,50,50,254,0,1
1100201,1,1,0,110,6,翠云山--狂风大作,6,104,"{exp:6,gold:0,items:[[11302,200],[17303,75],[11301,125],[40001,50]]}",{},刚进入翠云山地界就发现狂风大作，老牛说这风来自芭蕉扇！,1100202,"[530940,249060,266430,3861400]",0,,0,101001,0,200221,0,200221,200331,0,300341,13.76,9,9,7,54,50,50,255,0,1
1100202,1,2,0,110,12,翠云山--狂风大作,6,101,"{exp:6,gold:0,items:[[11302,200],[17303,75],[11301,125],[40001,50]]}",{},刚进入翠云山地界就发现狂风大作，老牛说这风来自芭蕉扇！,1100203,"[530940,249060,266430,3861400]",0,,0,200131,0,300211,0,0,101003,200341,200321,13.83,4,9,7,55,50,50,256,0,1
1100203,1,3,1,110,2,翠云山--狂风大作,6,102,"{exp:6,gold:0,items:[[11302,200],[17303,75],[11301,125],[40001,50]]}",{},刚进入翠云山地界就发现狂风大作，老牛说这风来自芭蕉扇！,1100301,"[530940,249060,266430,3861400]",2100201,,200121,101004,200121,0,101008,0,0,0,301006,13.89,9,9,8,2,50,50,257,0,1
1100301,1,1,0,110,1,翠云山--心急如焚,6,103,"{exp:6,gold:0,items:[[19302,200],[11303,75],[19301,125],[40001,50]]}",{},罗刹女一定遇到危险了，老牛已经进入暴走状态！,1100302,"[530940,249060,266430,3861400]",0,,0,200141,300111,200231,101005,0,0,0,200321,13.96,3,9,8,4,50,50,258,0,1
1100302,1,2,0,110,9,翠云山--心急如焚,6,104,"{exp:6,gold:0,items:[[19302,200],[11303,75],[19301,125],[40001,50]]}",{},罗刹女一定遇到危险了，老牛已经进入暴走状态！,1100303,"[530940,249060,266430,3861400]",0,,200131,200111,0,0,300221,101008,0,0,200311,14.02,5,9,8,6,50,50,259,0,1
1100303,1,3,1,110,3,翠云山--心急如焚,6,101,"{exp:6,gold:0,items:[[19302,200],[11303,75],[19301,125],[40001,50]]}",{},罗刹女一定遇到危险了，老牛已经进入暴走状态！,1100401,"[530940,249060,266430,3861400]",2100301,,300121,200121,0,101005,101008,0,0,0,200331,14.09,1,9,8,8,50,50,260,0,1
1100401,1,1,0,110,4,翠云山--艰难行进,6,102,"{exp:6,gold:0,items:[[10302,200],[18303,75],[10301,125],[40001,50]]}",{},凭借老孙当年的定风丹，大家艰难行进在去芭蕉洞的路上！,1100402,"[530940,249060,266430,3861400]",0,,200141,101009,200121,0,200241,0,300331,0,0,14.15,7,9,8,10,50,50,261,0,1
1100402,1,2,0,110,6,翠云山--艰难行进,6,103,"{exp:6,gold:0,items:[[10302,200],[18303,75],[10301,125],[40001,50]]}",{},凭借老孙当年的定风丹，大家艰难行进在去芭蕉洞的路上！,1100403,"[530940,249060,266430,3861400]",0,,101009,200131,300111,0,0,0,200331,0,200321,14.22,3,9,8,12,50,50,262,0,1
1100403,1,3,1,110,12,翠云山--艰难行进,6,104,"{exp:6,gold:0,items:[[10302,200],[18303,75],[10301,125],[40001,50]]}",{},凭借老孙当年的定风丹，大家艰难行进在去芭蕉洞的路上！,1100501,"[530940,249060,266430,3861400]",2100401,,200141,200131,200141,0,0,101011,0,301012,0,14.28,8,9,8,14,50,50,263,0,1
1100501,1,1,0,110,2,翠云山--松一口气,6,101,"{exp:6,gold:0,items:[[14303,155],[10303,75],[14302,140],[40001,50]]}",{},越接近芭蕉洞风力越来越大，老牛反倒没那么担忧了！,1100502,"[530940,249060,266430,3861400]",0,,200131,0,200121,0,0,101005,0,200321,300341,14.35,9,9,8,16,50,50,264,0,1
1100502,1,2,0,110,1,翠云山--松一口气,6,102,"{exp:6,gold:0,items:[[14303,155],[10303,75],[14302,140],[40001,50]]}",{},越接近芭蕉洞风力越来越大，老牛反倒没那么担忧了！,1100503,"[530940,249060,266430,3861400]",0,,200111,101009,200131,0,0,0,200331,0,300311,14.41,9,9,8,18,50,50,265,0,1
1100503,1,3,1,110,9,翠云山--松一口气,6,103,"{exp:6,gold:0,items:[[14303,155],[10303,75],[14302,140],[40001,50]]}",{},越接近芭蕉洞风力越来越大，老牛反倒没那么担忧了！,1100601,"[530940,249060,266430,3861400]",2100501,,200141,200121,0,0,101005,0,101006,0,301003,14.48,9,9,8,20,50,50,266,0,1
1100601,1,1,0,110,3,翠云山--重逢,6,104,"{exp:6,gold:0,items:[[15303,155],[19303,75],[15302,140],[40001,50]]}",{},洞口隐约出现一个正在舞扇的身影，老牛一眼就认出了她！,1100602,"[530940,249060,266430,3861400]",0,,200131,101004,0,200241,200211,0,0,0,300321,14.54,9,9,8,22,50,50,267,0,1
1100602,1,2,0,110,4,翠云山--重逢,6,101,"{exp:6,gold:0,items:[[15303,155],[19303,75],[15302,140],[40001,50]]}",{},洞口隐约出现一个正在舞扇的身影，老牛一眼就认出了她！,1100603,"[530940,249060,266430,3861400]",0,,0,200121,200111,200241,101005,0,0,300331,0,14.61,8,9,8,24,50,50,268,0,1
1100603,1,3,1,110,6,翠云山--重逢,6,102,"{exp:6,gold:0,items:[[15303,155],[19303,75],[15302,140],[40001,50]]}",{},洞口隐约出现一个正在舞扇的身影，老牛一眼就认出了她！,1100701,"[530940,249060,266430,3861400]",2100601,,200141,200141,0,0,101008,101011,300311,0,0,14.67,7,9,8,26,50,50,269,0,1
1100701,1,1,0,110,12,翠云山--释疑,6,103,"{exp:6,gold:0,items:[[13303,155],[15303,80],[13302,140],[40001,50]]}",{},数日前罗刹女偶然发现有人想对她不利，于是使出宝贝自保！,1100702,"[530940,249060,266430,3861400]",0,,300141,0,0,0,200221,0,200311,101012,200341,14.74,1,9,8,28,50,50,270,0,1
1100702,1,2,0,110,2,翠云山--释疑,6,104,"{exp:6,gold:0,items:[[13303,155],[15303,80],[13302,140],[40001,50]]}",{},数日前罗刹女偶然发现有人想对她不利，于是使出宝贝自保！,1100703,"[530940,249060,266430,3861400]",0,,200131,101001,200121,0,0,0,300321,0,200311,14.81,7,9,8,30,50,50,271,0,1
1100703,1,3,1,110,1,翠云山--释疑,6,101,"{exp:6,gold:0,items:[[13303,155],[15303,80],[13302,140],[40001,50]]}",{},数日前罗刹女偶然发现有人想对她不利，于是使出宝贝自保！,1100801,"[530940,249060,266430,3861400]",2100701,,200131,200131,200131,0,101011,0,301012,0,0,14.87,7,9,8,32,50,50,272,0,1
1100801,1,1,0,110,9,翠云山--同舟共济,6,102,"{exp:6,gold:0,items:[[16303,155],[14303,80],[16302,140],[40001,50]]}",{},有了牛夫人的加入，对抗蚩尤的的胜算又增加了几分！,1100802,"[530940,249060,266430,3861400]",0,,200141,200131,101004,300211,0,200221,0,0,0,14.94,4,9,8,34,50,50,273,0,1
1100802,1,2,0,110,3,翠云山--同舟共济,6,103,"{exp:6,gold:0,items:[[16303,155],[14303,80],[16302,140],[40001,50]]}",{},有了牛夫人的加入，对抗蚩尤的的胜算又增加了几分！,1100803,"[530940,249060,266430,3861400]",0,,0,0,200121,200211,300241,200211,101012,0,0,15,5,9,8,36,50,50,274,0,1
1100803,1,3,1,110,4,翠云山--同舟共济,6,104,"{exp:6,gold:0,items:[[16303,155],[14303,80],[16302,140],[40001,50]],immortal:100011}",{},有了牛夫人的加入，对抗蚩尤的的胜算又增加了几分！,1110101,"[530940,249060,266430,3861400]",2100801,,101009,200141,101004,0,301011,0,0,101012,0,15.07,5,9,8,38,50,50,275,0,1
1110101,1,1,0,111,6,翠云山2--失落神器,6,101,"{exp:6,gold:0,items:[[12303,155],[16303,80],[12302,140],[40001,50]]}",{},蚩尤派人前往昆仑山寻找失落神器！不能被它先找到！,1110102,"[530940,249060,266430,3861400]",0,,0,101004,300111,0,200241,200241,0,0,200341,15.17,3,10,8,40,50,50,276,0,1
1110102,1,2,0,111,12,翠云山2--失落神器,6,102,"{exp:6,gold:0,items:[[12303,155],[16303,80],[12302,140],[40001,50]]}",{},蚩尤派人前往昆仑山寻找失落神器！不能被它先找到！,1110103,"[530940,249060,266430,3861400]",0,,0,0,101004,200241,0,200231,200321,300331,0,15.27,8,10,8,42,50,50,277,0,1
1110103,1,3,1,111,2,翠云山2--失落神器,6,103,"{exp:6,gold:0,items:[[12303,155],[16303,80],[12302,140],[40001,50]]}",{},蚩尤派人前往昆仑山寻找失落神器！不能被它先找到！,1110201,"[530940,249060,266430,3861400]",2110101,,301009,0,200141,101011,0,0,200341,200341,0,15.37,1,10,8,44,50,50,278,0,1
1110201,1,1,0,111,1,翠云山2--人间仙境,6,104,"{exp:6,gold:0,items:[[17303,155],[13303,80],[17302,140],[40001,50]]}",{},好一个诗情画意的人间仙境！龙脉之祖并非浪得虚名！,1110202,"[530940,249060,266430,3861400]",0,,0,300141,200121,0,101011,0,200321,0,200331,15.47,2,10,8,46,50,50,279,0,1
1110202,1,2,0,111,9,翠云山2--人间仙境,6,101,"{exp:6,gold:0,items:[[17303,155],[13303,80],[17302,140],[40001,50]]}",{},好一个诗情画意的人间仙境！龙脉之祖并非浪得虚名！,1110203,"[530940,249060,266430,3861400]",0,,101004,300111,200141,0,200241,0,0,0,200331,15.57,2,10,8,48,50,50,280,0,1
1110203,1,3,1,111,3,翠云山2--人间仙境,6,102,"{exp:6,gold:0,items:[[17303,155],[13303,80],[17302,140],[40001,50]]}",{},好一个诗情画意的人间仙境！龙脉之祖并非浪得虚名！,1110301,"[530940,249060,266430,3861400]",2110201,,0,200131,301004,200211,101008,101011,0,0,0,15.67,3,10,8,50,50,50,281,0,1
1110301,1,1,0,111,4,翠云山2--神像,6,103,"{exp:6,gold:0,items:[[11303,155],[17303,80],[11302,140],[40001,50]]}",{},想找到神器必须先找到西王母的神像！那样就成功了一半！,1110302,"[530940,249060,266430,3861400]",0,,200131,0,101009,0,200211,200211,0,300311,0,15.77,8,10,8,52,50,50,282,0,1
1110302,1,2,0,111,6,翠云山2--神像,6,104,"{exp:6,gold:0,items:[[11303,155],[17303,80],[11302,140],[40001,50]]}",{},想找到神器必须先找到西王母的神像！那样就成功了一半！,1110303,"[530940,249060,266430,3861400]",0,,200131,0,101001,0,200211,200241,0,0,300331,15.87,9,10,8,54,50,50,283,0,1
1110303,1,3,1,111,12,翠云山2--神像,6,101,"{exp:6,gold:0,items:[[11303,155],[17303,80],[11302,140],[40001,50]]}",{},想找到神器必须先找到西王母的神像！那样就成功了一半！,1110401,"[530940,249060,266430,3861400]",2110301,,200141,200131,200141,0,301011,101008,0,0,0,15.97,5,10,8,56,50,50,284,0,1
1110401,1,1,0,111,2,翠云山2--玉虚峰,6,102,"{exp:6,gold:0,items:[[18303,155],[12303,80],[18302,140],[40001,50]]}",{},在玉虚峰顶发现了神像，但神像上似乎没有任何线索！,1110402,"[530940,249060,266430,3861400]",0,,200111,200121,300131,101008,0,0,200331,0,0,16.07,3,10,8,58,50,50,285,0,1
1110402,1,2,0,111,1,翠云山2--玉虚峰,6,103,"{exp:6,gold:0,items:[[18303,155],[12303,80],[18302,140],[40001,50]]}",{},在玉虚峰顶发现了神像，但神像上似乎没有任何线索！,1110403,"[530940,249060,266430,3861400]",0,,0,200141,300111,0,101008,0,200331,0,200341,16.17,3,10,8,60,50,50,286,0,1
1110403,1,3,1,111,9,翠云山2--玉虚峰,6,104,"{exp:6,gold:0,items:[[18303,155],[12303,80],[18302,140],[40001,50]]}",{},在玉虚峰顶发现了神像，但神像上似乎没有任何线索！,1110501,"[530940,249060,266430,3861400]",2110401,,200131,301001,200141,101011,0,0,0,101006,0,16.27,2,10,9,2,50,50,287,0,1
1110501,1,1,0,111,3,翠云山2--竹简,6,101,"{exp:6,gold:0,items:[[10303,155],[18303,80],[10302,140],[40001,50]]}",{},神像的底座下面好像有个暗格！原来是一卷竹简地图！,1110502,"[530940,249060,266430,3861400]",0,,200111,200141,200121,0,300241,0,0,0,101012,16.37,5,10,9,4,50,50,288,0,1
1110502,1,2,0,111,4,翠云山2--竹简,6,102,"{exp:6,gold:0,items:[[10303,155],[18303,80],[10302,140],[40001,50]]}",{},神像的底座下面好像有个暗格！原来是一卷竹简地图！,1110503,"[530940,249060,266430,3861400]",0,,0,200141,200141,300231,0,101005,0,200341,0,16.47,4,10,9,6,50,50,289,0,1
1110503,1,3,1,111,6,翠云山2--竹简,6,103,"{exp:6,gold:0,items:[[10303,155],[18303,80],[10302,140],[40001,50]]}",{},神像的底座下面好像有个暗格！原来是一卷竹简地图！,1110601,"[530940,249060,266430,3861400]",2110501,,0,101004,0,101005,301011,101008,0,0,200311,16.57,5,10,9,8,50,50,290,0,1
1110601,1,1,0,111,12,翠云山2--冰封洞穴,6,104,"{exp:6,gold:0,items:[[19303,155],[11303,80],[19302,140],[40001,50]]}",{},在地图的指引下大家找到一个入口被冰封的洞穴！,1110602,"[530940,249060,266430,3861400]",0,,101001,200141,0,300211,0,200211,0,200311,0,16.67,4,10,9,10,50,50,291,0,1
1110602,1,2,0,111,2,翠云山2--冰封洞穴,6,101,"{exp:6,gold:0,items:[[19303,155],[11303,80],[19302,140],[40001,50]]}",{},在地图的指引下大家找到一个入口被冰封的洞穴！,1110603,"[530940,249060,266430,3861400]",0,,101004,0,0,200221,200221,300241,200331,0,0,16.77,6,10,9,12,50,50,292,0,1
1110603,1,3,1,111,1,翠云山2--冰封洞穴,6,102,"{exp:6,gold:0,items:[[19303,155],[11303,80],[19302,140],[40001,50]]}",{},在地图的指引下大家找到一个入口被冰封的洞穴！,1110701,"[530940,249060,266430,3861400]",2110601,,200111,301004,0,0,200221,0,101012,0,101006,16.87,2,10,9,14,50,50,293,0,1
1110701,1,1,0,111,9,翠云山2--龙吉公主,6,103,"{exp:6,gold:0,items:[[15303,220],[19303,80],[15302,140],[40001,50]]}",{},原来传说的神器就是西王母的宝贝女儿龙吉公主！,1110702,"[530940,249060,266430,3861400]",0,,0,0,300131,0,200211,101005,200321,200311,0,16.98,3,10,9,16,50,50,294,0,1
1110702,1,2,0,111,3,翠云山2--龙吉公主,6,104,"{exp:6,gold:0,items:[[15303,220],[19303,80],[15302,140],[40001,50]]}",{},原来传说的神器就是西王母的宝贝女儿龙吉公主！,1110703,"[530940,249060,266430,3861400]",0,,200121,0,200121,200211,300231,0,0,0,101003,17.08,5,10,9,18,50,50,295,0,1
1110703,1,3,1,111,4,翠云山2--龙吉公主,6,101,"{exp:6,gold:0,items:[[15303,220],[19303,80],[15302,140],[40001,50]]}",{},原来传说的神器就是西王母的宝贝女儿龙吉公主！,1110801,"[530940,249060,266430,3861400]",2110701,,200131,300141,200131,0,101011,0,0,0,101003,17.18,2,10,9,20,50,50,296,0,1
1110801,1,1,0,111,6,翠云山2--拯救苍生,6,102,"{exp:6,gold:0,items:[[14303,220],[10303,80],[14302,140],[40001,50]]}",{},龙吉公主听完事情的来龙去脉后欣然决定共同拯救苍生！,1110802,"[530940,249060,266430,3861400]",0,,0,0,300141,0,200221,200231,200321,101012,0,17.28,3,10,9,22,50,50,297,0,1
1110802,1,2,0,111,12,翠云山2--拯救苍生,6,103,"{exp:6,gold:0,items:[[14303,220],[10303,80],[14302,140],[40001,50]]}",{},龙吉公主听完事情的来龙去脉后欣然决定共同拯救苍生！,1110803,"[530940,249060,266430,3861400]",0,,0,200131,0,101008,0,300231,0,200321,200341,17.38,6,10,9,24,50,50,298,0,1
1110803,1,3,1,111,2,翠云山2--拯救苍生,6,104,"{exp:6,gold:0,items:[[14303,220],[10303,80],[14302,140],[40001,50]],phantom:[106001]}",{},龙吉公主听完事情的来龙去脉后欣然决定共同拯救苍生！,1120101,"[530940,249060,266430,3861400]",2110801,,101009,0,101004,101005,301011,0,0,0,101003,17.48,5,10,9,26,50,50,299,0,1
1120101,1,1,0,112,9,摩云洞--牵挂,6,101,"{exp:6,gold:0,items:[[16303,220],[13401,85],[16302,140],[40001,50]]}",{},远在积雷山摩云洞的玉面公主是否安好？老牛甚是牵挂！,1120102,"[530940,249060,266430,3861400]",0,,0,101001,200121,200231,200231,0,0,300331,0,17.61,8,11,9,28,50,50,300,0,1
1120102,1,2,0,112,6,摩云洞--牵挂,6,102,"{exp:6,gold:0,items:[[16303,220],[13401,85],[16302,140],[40001,50]]}",{},远在积雷山摩云洞的玉面公主是否安好？老牛甚是牵挂！,1120103,"[530940,249060,266430,3861400]",0,,300121,0,0,0,200231,200221,0,200331,101012,17.75,1,11,9,30,50,50,301,0,1
1120103,1,3,1,112,12,摩云洞--牵挂,6,103,"{exp:6,gold:0,items:[[16303,220],[13401,85],[16302,140],[40001,50]]}",{},远在积雷山摩云洞的玉面公主是否安好？老牛甚是牵挂！,1120201,"[530940,249060,266430,3861400]",2120101,,200131,300131,200121,0,101011,0,0,101010,0,17.89,2,11,9,32,50,50,302,0,1
1120201,1,1,0,112,2,摩云洞--人影,6,104,"{exp:6,gold:0,items:[[13303,220],[17401,85],[13302,140],[40001,50]]}",{},既然放心不下公主那就去看看吧！小心！前面似乎有人影！,1120202,"[530940,249060,266430,3861400]",0,,200121,300111,0,0,200221,101005,0,0,200321,18.03,2,11,9,34,50,50,303,0,1
1120202,1,2,0,112,5,摩云洞--人影,6,101,"{exp:6,gold:0,items:[[13303,220],[17401,85],[13302,140],[40001,50]]}",{},既然放心不下公主那就去看看吧！小心！前面似乎有人影！,1120203,"[530940,249060,266430,3861400]",0,,0,101004,300141,0,0,0,200311,200331,200341,18.16,3,11,9,36,50,50,304,0,1
1120203,1,3,1,112,9,摩云洞--人影,6,102,"{exp:6,gold:0,items:[[13303,220],[17401,85],[13302,140],[40001,50]]}",{},既然放心不下公主那就去看看吧！小心！前面似乎有人影！,1120301,"[530940,249060,266430,3861400]",2120201,,101004,0,200111,0,200221,200241,0,0,300331,18.3,9,11,9,38,50,50,305,0,1
1120301,1,1,0,112,6,摩云洞--爪牙,6,103,"{exp:6,gold:0,items:[[17303,220],[18401,85],[17302,140],[40001,50]]}",{},蚩尤的魔爪果然已经伸到了这里！先解决这些爪牙吧！,1120302,"[530940,249060,266430,3861400]",0,,0,0,101004,200211,300211,200221,0,200311,0,18.44,5,11,9,40,50,50,306,0,1
1120302,1,2,0,112,12,摩云洞--爪牙,6,104,"{exp:6,gold:0,items:[[17303,220],[18401,85],[17302,140],[40001,50]]}",{},蚩尤的魔爪果然已经伸到了这里！先解决这些爪牙吧！,1120303,"[530940,249060,266430,3861400]",0,,200141,300121,0,200241,0,101008,0,200321,0,18.58,2,11,9,42,50,50,307,0,1
1120303,1,3,1,112,2,摩云洞--爪牙,6,101,"{exp:6,gold:0,items:[[17303,220],[18401,85],[17302,140],[40001,50]]}",{},蚩尤的魔爪果然已经伸到了这里！先解决这些爪牙吧！,1120401,"[530940,249060,266430,3861400]",2120301,,0,301009,200141,200231,0,101008,0,0,101010,18.71,2,11,9,44,50,50,308,0,1
1120401,1,1,0,112,5,摩云洞--失踪,6,102,"{exp:6,gold:0,items:[[12303,220],[14401,85],[12302,140],[40001,50]]}",{},洞府内一片狼藉，公主也不见踪迹，难道凶多吉少？,1120402,"[530940,249060,266430,3861400]",0,,0,200111,300131,0,101008,200231,0,0,200321,18.85,3,11,9,46,50,50,309,0,1
1120402,1,2,0,112,9,摩云洞--失踪,6,103,"{exp:6,gold:0,items:[[12303,220],[14401,85],[12302,140],[40001,50]]}",{},洞府内一片狼藉，公主也不见踪迹，难道凶多吉少？,1120403,"[530940,249060,266430,3861400]",0,,0,200131,101001,0,0,0,200311,300331,200311,18.99,8,11,9,48,50,50,310,0,1
1120403,1,3,1,112,6,摩云洞--失踪,6,104,"{exp:6,gold:0,items:[[12303,220],[14401,85],[12302,140],[40001,50]]}",{},洞府内一片狼藉，公主也不见踪迹，难道凶多吉少？,1120501,"[530940,249060,266430,3861400]",2120401,,101001,200131,101004,0,0,301008,0,0,101010,19.12,6,11,9,50,50,50,311,0,1
1120501,1,1,0,112,12,摩云洞--密室,6,101,"{exp:6,gold:0,items:[[18303,220],[19401,85],[18302,140],[40001,50]]}",{},老牛说摩云洞内有一密室，公主极有可能是去了那里！,1120502,"[530940,249060,266430,3861400]",0,,200121,200121,0,101008,0,0,300321,200341,0,19.26,7,11,9,52,50,50,312,0,1
1120502,1,2,0,112,2,摩云洞--密室,6,102,"{exp:6,gold:0,items:[[18303,220],[19401,85],[18302,140],[40001,50]]}",{},老牛说摩云洞内有一密室，公主极有可能是去了那里！,1120503,"[530940,249060,266430,3861400]",0,,0,0,200121,0,300221,200221,200331,101003,0,19.4,5,11,9,54,50,50,313,0,1
1120503,1,3,1,112,5,摩云洞--密室,6,103,"{exp:6,gold:0,items:[[18303,220],[19401,85],[18302,140],[40001,50]]}",{},老牛说摩云洞内有一密室，公主极有可能是去了那里！,1120601,"[530940,249060,266430,3861400]",2120501,,101001,101004,101009,101005,0,301008,0,0,0,19.54,6,11,9,56,50,50,314,0,1
1120601,1,1,0,112,9,摩云洞--遇见,6,104,"{exp:6,gold:0,items:[[11303,220],[15401,85],[11302,140],[40001,50]]}",{},快看！那边以一敌三的不正是公主么？火速前往解围！,1120602,"[530940,249060,266430,3861400]",0,,101004,0,200121,0,200221,300231,0,0,200311,19.67,6,11,9,58,50,50,315,0,1
1120602,1,2,0,112,6,摩云洞--遇见,6,101,"{exp:6,gold:0,items:[[11303,220],[15401,85],[11302,140],[40001,50]]}",{},快看！那边以一敌三的不正是公主么？火速前往解围！,1120603,"[530940,249060,266430,3861400]",0,,0,200141,101001,0,200221,200221,0,300321,0,19.81,8,11,9,60,50,50,316,0,1
1120603,1,3,1,112,12,摩云洞--遇见,6,102,"{exp:6,gold:0,items:[[11303,220],[15401,85],[11302,140],[40001,50]]}",{},快看！那边以一敌三的不正是公主么？火速前往解围！,1120701,"[530940,249060,266430,3861400]",2120601,,0,101009,101004,0,101011,101008,0,0,301010,19.95,9,11,9,62,50,50,317,0,1
1120701,1,1,0,112,2,摩云洞--喜极而泣,6,103,"{exp:6,gold:0,items:[[19303,220],[16401,85],[19302,140],[40001,50]]}",{},公主再见到老牛喜极而泣，但现在还不是叙旧的时候！,1120702,"[530940,249060,266430,3861400]",0,,0,101004,200131,0,200231,0,300311,0,200311,20.09,7,11,9,64,50,50,318,0,1
1120702,1,2,0,112,5,摩云洞--喜极而泣,6,104,"{exp:6,gold:0,items:[[19303,220],[16401,85],[19302,140],[40001,50]]}",{},公主再见到老牛喜极而泣，但现在还不是叙旧的时候！,1120703,"[530940,249060,266430,3861400]",0,,200141,200111,200111,0,101005,0,0,0,300321,20.22,9,11,9,65,50,50,319,0,1
1120703,1,3,1,112,9,摩云洞--喜极而泣,6,101,"{exp:6,gold:0,items:[[19303,220],[16401,85],[19302,140],[40001,50]]}",{},公主再见到老牛喜极而泣，但现在还不是叙旧的时候！,1120801,"[530940,249060,266430,3861400]",2120701,,0,101009,101001,0,101011,101008,0,200341,301010,20.36,9,11,10,2,50,50,320,0,1
1120801,1,1,0,112,6,摩云洞--追随,6,102,"{exp:6,gold:0,items:[[10303,220],[12401,85],[10302,140],[40001,50]]}",{},曾经说好做彼此的天使，让我们携手拯救芸芸众生吧！,1120802,"[530940,249060,266430,3861400]",0,,200121,200131,0,0,300241,0,101012,0,200321,20.5,5,11,10,4,50,50,321,0,1
1120802,1,2,0,112,12,摩云洞--追随,6,103,"{exp:6,gold:0,items:[[10303,220],[12401,85],[10302,140],[40001,50]]}",{},曾经说好做彼此的天使，让我们携手拯救芸芸众生吧！,1120803,"[530940,249060,266430,3861400]",0,,0,101009,200111,0,200221,200231,0,0,300311,20.63,9,11,10,6,50,50,322,0,1
1120803,1,3,1,112,2,摩云洞--追随,6,104,"{exp:6,gold:0,items:[[10303,220],[12401,85],[10302,140],[40001,50]],immortal:100010}",{},曾经说好做彼此的天使，让我们携手拯救芸芸众生吧！,1130101,"[530940,249060,266430,3861400]",2120801,,101004,101009,0,101008,101011,0,0,0,301010,20.77,9,11,10,8,50,50,323,0,1
2010101,2,3,,201,5,广寒宫--月桂树前,18,101,"{exp:18,gold:0,items:[[71001,100],[10101,80],[14101,40],[40001,50]]}",{},只会砍树，怎么不去演光头强啊！,2010201,"[1957,918,982,14238]",0,,0,200111,0,0,300231,0,0,0,0,0.57,5,1,0,1,50,50,200,0,2
2010201,2,3,,201,12,广寒宫--妖孽横行,18,102,"{exp:18,gold:0,items:[[62001,150],[11101,80],[15101,40],[40001,50]]}",{},师傅，有妖气！哎，师傅呢。。。,2010301,"[2202,1033,1105,16018]",0,,200131,200132,200133,200241,300221,200242,200331,200332,200333,0.55,5,1,0,2,50,50,204,0,2
2010301,2,3,,201,9,广寒宫--夜幕降临,18,103,"{exp:18,gold:0,items:[[71002,100],[12101,80],[18101,40],[40001,50]]}",{},夜幕降临，空气中透着一股寒气,2010401,"[2447,1147,1228,17798]",0,,0,200121,0,200211,200212,200213,0,300331,0,0.73,8,1,0,4,50,50,208,0,2
2010401,2,7,,201,8,广寒宫--月神,18,104,"{exp:18,gold:0,items:[[20003,100],[13101,80],[19101,40],[40001,50]]}",{},嫦娥姐姐，我好想你啊,2020101,"[4078,1913,2046,29664]",0,,200141,200142,200143,0,0,0,0,301003,0,0.91,8,1,0,6,50,50,228,0,2
2020101,2,5,,202,3,东海蓬莱--梦醒来,18,101,"{exp:18,gold:0,items:[[71003,100],[14101,80],[17201,45],[40001,50]]}",{},伴随着剧烈的头疼，从恍惚中慢慢清醒过来，却发现一大波怪物正袭来……,2020201,"[5599,3381,3617,52426]",0,,200131,200141,0,0,101005,0,0,301003,0,1.18,8,1,0,10,50,50,236,0,2
2020201,2,4,,202,6,东海蓬莱--追兵不断,18,102,"{exp:18,gold:0,items:[[20001,100],[15101,80],[16201,45],[40001,50]]}",{},一番苦战后刚回过神，又来了一波小妖，我擦嘞！只能硬着头皮上了！,2020301,"[8289,3888,4160,60290]",0,,301001,200121,0,0,200211,0,0,101012,0,1.44,1,1,0,14,50,50,244,0,2
2020301,2,3,,202,1,东海蓬莱--有点不同,18,103,"{exp:18,gold:0,items:[[62001,150],[19101,80],[15201,45],[40001,50]]}",{},这次遇到的喽罗和以前的不太一样呢！貌似气场强了不少！,2020401,"[9371,4395,4702,68154]",0,,0,101001,200141,101005,300211,0,0,0,0,1.71,5,1,0,18,50,50,252,0,2
2020401,2,3,,202,4,东海蓬莱--变数,18,104,"{exp:18,gold:0,items:[[20005,100],[13201,95],[10201,45],[40001,50]]}",{},一切都充满着变数，看似安全的环境其实危机四伏！,2020501,"[10452,4903,5245,76018]",0,,200131,200132,0,0,301005,0,0,101012,0,1.97,5,2,1,2,50,50,260,0,2
2020501,2,3,,202,12,东海蓬莱--晕头转向,18,101,"{exp:18,gold:0,items:[[71004,100],[14201,95],[11201,45],[40001,50]]}",{},一趟没有目的地的行程，大家像无头苍蝇一样乱撞，始终会撞上怪物……,2020601,"[11533,5410,5787,83882]",0,,0,301001,0,0,101005,0,200331,200342,0,2.24,2,2,1,6,50,50,268,0,2
2020601,2,4,,202,3,东海蓬莱--步步为营,18,102,"{exp:18,gold:0,items:[[20012,100],[15201,95],[14202,50],[40001,50]]}",{},感觉所有的一切都在人家的掌握之中，目前只能步步为营！,2020701,"[12615,5917,6330,91746]",0,,200131,200141,0,0,101005,0,0,301012,0,2.5,8,2,1,10,50,50,276,0,2
2020701,2,5,,202,6,东海蓬莱--抢夺,18,103,"{exp:18,gold:0,items:[[71005,100],[19201,95],[15202,50],[40001,50]]}",{},什么消息这么重要？招来了一大帮妖怪想要抢夺！小心应对！,2020801,"[13696,6424,6873,99610]",0,,300141,0,101001,0,101005,0,200311,0,0,2.77,1,2,1,14,50,50,284,0,2
2020801,2,7,,202,1,东海蓬莱--偶遇,18,104,"{exp:18,gold:0,items:[[20004,105],[18201,95],[13202,50],[40001,50]]}",{},前面那风度翩翩的精壮男是牛魔王吧？唉，等等！为什么打我？,2030101,"[12615,5917,6330,91746]",0,,0,301004,0,0,101005,0,101012,101003,0,3.03,2,2,1,18,50,50,292,0,2
2030101,2,5,,203,4,蓬莱岛--前路先锋,18,101,"{exp:18,gold:0,items:[[72001,100],[17201,95],[16202,50],[40001,50]]}",{},黄风大王座下前路先锋奉命巡山，战斗一触即发！,2030201,"[15462,7253,7759,112455]",0,,0,101004,0,200211,0,200221,101012,0,300321,3.48,9,3,1,22,50,50,300,0,2
2030201,2,3,,203,12,蓬莱岛--机关,18,102,"{exp:18,gold:0,items:[[71001,100],[16201,95],[12202,50],[40001,50]]}",{},破坏洞门的时候好像触动了什么机关！,2030301,"[16688,7828,8374,121367]",0,,0,101001,200121,200211,0,301005,200311,0,0,3.92,6,3,1,25,50,50,308,0,2
2030301,2,3,,203,3,蓬莱岛--黄风大王,18,103,"{exp:18,gold:0,items:[[72002,100],[15201,95],[17202,50],[40001,50]]}",{},黄风大王死而复生，又是蚩尤干的好事！哎！又被它跑掉了！,2030401,"[17913,8403,8989,130280]",0,,101004,300121,0,200211,0,200221,0,0,101012,4.37,2,3,2,4,50,50,316,0,2
2030401,2,4,,203,6,蓬莱岛--有发现,18,104,"{exp:18,gold:0,items:[[20003,100],[10201,95],[11202,50],[40001,50]]}",{},暗道的尽头发现了熟悉的武器--降妖宝杖！这不是沙僧的武器么？,2030501,"[19139,8977,9604,139192]",0,,200141,301001,200131,101005,0,0,200321,0,0,4.81,2,3,2,8,50,50,324,0,2
2030501,2,3,,203,1,蓬莱岛--八百流沙界,18,101,"{exp:18,gold:0,items:[[71002,100],[11201,95],[18202,50],[40001,50]]}",{},难道沙僧已经遭遇不测？连流沙河界内都是妖物横行？,2030601,"[18021,8453,9043,131066]",0,,0,101004,200132,300221,0,0,0,101012,200321,5.25,4,3,2,12,50,50,332,0,2
2030601,2,4,,203,4,蓬莱岛--痕迹,18,102,"{exp:18,gold:0,items:[[72003,100],[14202,132],[10202,50],[40001,50]]}",{},沙僧的府邸明显有被翻动的痕迹，似乎在找什么东西？,2030701,"[21589,10127,10834,157017]",0,,200131,101001,200132,0,200221,0,0,301012,0,5.7,8,4,2,16,50,50,340,0,2
2030701,2,5,,203,12,蓬莱岛--会合,18,103,"{exp:18,gold:0,items:[[71003,100],[15202,132],[19202,50],[40001,50]]}",{},循着沙僧的暗号，在秘道中与他会合了！,2030801,"[22815,10702,11449,165930]",0,,101001,0,101004,0,200221,0,200311,0,300331,6.14,9,4,2,20,50,50,348,0,2
2030801,2,7,,203,3,蓬莱岛--团结,18,104,"{exp:18,gold:0,items:[[20004,105],[13202,132],[14202,50],[40001,50]]}",{},一个人对抗黑暗是困难的，大家一起团结起来就好多了！,2040101,"[21626,10144,10852,157280]",0,,101001,0,301004,0,0,101005,101003,0,101012,6.59,3,4,2,24,50,50,356,0,2
2040101,2,5,,204,2,火焰山--土地公,18,101,"{exp:18,gold:0,items:[[72004,100],[16202,132],[13202,50],[40001,50]]}",{},为什么这么热？把土地公揪出来问问到底是怎么回事？,2040201,"[26223,12301,13159,190714]",0,,101001,0,200111,0,0,200231,0,101012,300311,6.76,9,4,2,28,50,50,364,0,2
2040201,2,3,,204,9,火焰山--突变,18,102,"{exp:18,gold:0,items:[[71004,100],[12202,132],[12202,50],[40001,50]]}",{},数月前的剧变导致火焰山又变回了四季皆热的环境！事有蹊跷！,2040301,"[27708,12998,13904,201519]",0,,101004,0,200111,200221,301005,200211,0,0,0,6.93,5,4,3,2,50,50,372,0,2
2040301,2,3,,204,3,火焰山--表象,18,103,"{exp:18,gold:0,items:[[72005,100],[17202,132],[11202,50],[40001,50]]}",{},环顾热源地附近，没有任何生命的迹象！安静得可怕！,2040401,"[29194,13694,14650,212324]",0,,200111,200111,300141,0,101005,200231,0,0,0,7.09,3,5,3,6,50,50,380,0,2
2040401,2,3,,204,9,火焰山--猜测,18,104,"{exp:18,gold:0,items:[[62001,150],[11202,132],[10202,50],[40001,50]]}",{},三个标记组成的图案，是不是要将三个图案组合起来呢？,2040501,"[27857,13067,13979,202600]",0,,200131,200141,301004,0,101008,0,0,200311,0,7.26,3,5,3,10,50,50,388,0,2
2040501,2,4,,204,2,火焰山--圆形火团,18,101,"{exp:18,gold:0,items:[[71005,100],[18202,132],[14301,55],[40001,50]]}",{},拼好圆形图案后一阵轰鸣，一个巨大的圆形火团向你袭来！,2040601,"[32166,15088,16141,233935]",0,,0,300141,200121,0,200231,101005,0,0,101003,7.43,2,5,3,14,50,50,396,0,2
2040601,2,4,,204,4,火焰山--方形火团,18,102,"{exp:18,gold:0,items:[[72001,100],[10202,132],[15301,55],[40001,50]]}",{},已经做好了迎接方形火团的准备！来吧！,2040701,"[33651,15785,16887,244740]",0,,0,200131,101004,200221,0,0,101012,301003,0,7.6,8,5,3,18,50,50,404,0,2
2040701,2,5,,204,6,火焰山--开门,18,103,"{exp:18,gold:0,items:[[71001,100],[19202,132],[13301,55],[40001,50]]}",{},完成菱形图案后一道热浪扑来，一道隐形的大门缓缓打开！,2040801,"[35137,16482,17632,255546]",0,,101001,200121,0,0,101005,300241,0,0,101003,7.77,6,5,3,22,50,50,412,0,2
2040801,2,7,,204,3,火焰山--炽热的心,18,104,"{exp:18,gold:0,items:[[20008,105],[14202,180],[16301,55],[40001,50]]}",{},祝融说有能力破解他机关的人就是有缘人！有缘人！你懂的！,2050101,"[33429,15681,16775,243120]",0,,0,0,101001,301008,0,101005,0,101003,101012,7.94,4,5,3,26,50,50,420,0,2
2050101,2,4,,205,9,火焰山2--怀念,18,101,"{exp:18,gold:0,items:[[72002,100],[13202,180],[12301,55],[40001,50]]}",{},老孙看着手上的棒子，想起了龙宫的挚友，他还好么？,2050201,"[39008,18298,19575,283696]",0,,301004,0,200141,101008,0,200211,0,0,200321,8.16,1,5,3,30,50,50,428,0,2
2050201,2,4,,205,2,火焰山2--风雨飘摇,18,102,"{exp:18,gold:0,items:[[71002,100],[12202,180],[17301,55],[40001,50]]}",{},失去了定海神针的东海风雨飘摇，一幅黯淡的景象！,2050301,"[40537,19015,20342,294821]",0,,200131,200121,101004,101008,0,0,0,300341,0,8.39,8,5,3,34,50,50,436,0,2
2050301,2,4,,205,4,火焰山2--错误,18,103,"{exp:18,gold:0,items:[[72003,100],[11202,180],[11301,55],[40001,50]]}",{},原以为地处深海的水晶宫会有些许的平静，看来我们错了！,2050401,"[42067,19733,21110,305946]",0,,301004,0,0,101008,200211,200231,200331,0,0,8.61,1,5,4,2,50,50,444,0,2
2050401,2,4,,205,6,火焰山2--悲剧,18,104,"{exp:18,gold:0,items:[[20004,105],[10202,180],[18301,55],[40001,50]]}",{},蚩尤控制了东海里的各种生物，不肯归顺的下场可悲！,2050501,"[43597,20451,21877,317072]",0,,101001,0,0,200211,0,301008,200321,101003,0,8.83,6,5,4,6,50,50,452,0,2
2050501,2,4,,205,3,火焰山2--海穴,18,101,"{exp:18,gold:0,items:[[71003,100],[14301,150],[10301,55],[40001,50]]}",{},老孙突然想起龙王曾提起定海神针原址附近有个海穴！,2050601,"[45127,21168,22645,328197]",0,,101001,0,101004,200221,0,300241,0,200321,0,9.06,6,6,4,10,50,50,460,0,2
2050601,2,5,,205,9,火焰山2--浑然天成,18,102,"{exp:18,gold:0,items:[[72004,100],[15301,150],[19301,55],[40001,50]]}",{},一个浑然天成的海穴隐藏在深不见底的海沟旁边！,2050701,"[46656,21886,23413,339322]",0,,300141,200111,0,200241,0,0,101012,101003,0,9.28,1,6,4,14,50,50,468,0,2
2050701,2,5,,205,2,火焰山2--避世,18,103,"{exp:18,gold:0,items:[[71004,100],[13301,150],[15301,60],[40001,50]]}",{},这里真是一个避世的好地方，怪不得龙王会委身于此！,2050801,"[48186,22603,24180,350448]",0,,0,300141,200141,101005,0,0,101012,200341,0,9.51,2,6,4,18,50,50,476,0,2
2050801,2,7,,205,4,火焰山2--直面挑战,18,104,"{exp:18,gold:0,items:[[20008,105],[16301,150],[14301,60],[40001,50]]}",{},逃避不是办法，勇于直面挑战才是真龙王！一起走着！,2060101,"[51628,24218,25908,375480]",0,,101001,0,101004,0,301008,101005,0,101012,,9.73,5,6,4,22,50,50,484,0,2
2060101,2,3,,206,3,女儿国--初来乍到,18,101,"{exp:18,gold:0,items:[[72005,100],[12301,150],[16301,60],[40001,50]]}",{},女儿国果然名不虚传，是不是有一种来了就不想走的感觉？有没有？,2060201,"[55932,26237,28067,406780]",0,,0,0,300111,101005,101008,0,200331,0,200311,9.9,3,6,4,26,50,50,492,0,2
2060201,2,3,,206,5,女儿国--泡下温泉,18,102,"{exp:18,gold:0,items:[[71005,100],[17301,150],[13301,60],[40001,50]]}",{},女儿国温泉泡起来甚是舒服，不过泡的时候要注意警戒哦！,2060301,"[58770,27568,29491,427420]",0,,300121,0,0,0,101008,200241,101012,200311,0,10.07,1,6,4,30,50,50,500,0,2
2060301,2,4,,206,8,女儿国--觐见,18,103,"{exp:18,gold:0,items:[[62002,200],[11301,150],[17301,60],[40001,50]]}",{},女王大人果然是美女！她请我们帮个小忙，真不好意思拒绝！,2060401,"[61608,28899,30916,448060]",0,,200141,200111,200131,0,101008,301005,0,0,0,10.24,6,6,4,34,50,50,508,0,2
2060401,2,3,,206,1,女儿国--别有洞天,18,104,"{exp:18,gold:0,items:[[30301,200],[18301,150],[12301,60],[40001,50]]}",{},这个溶洞从外面根本其貌不扬，进来才发现真是别有洞天！,2060501,"[64446,30231,32340,468700]",0,,200111,0,200111,0,0,101008,0,301003,200311,10.41,8,6,4,38,50,50,516,0,2
2060501,2,3,,206,4,女儿国--神秘人,18,101,"{exp:18,gold:0,items:[[72001,100],[10301,150],[18301,60],[40001,50]]}",{},找到一些女人的衣物！谁会生活在这暗无天日的溶洞之中？,2060601,"[67284,31562,33764,489340]",0,,200131,0,0,101005,101008,200241,0,301012,0,10.57,8,6,5,2,50,50,524,0,2
2060601,2,3,,206,6,女儿国--守株待兔,18,102,"{exp:18,gold:0,items:[[30302,200],[19301,150],[11301,60],[40001,50]]}",{},神秘人好像不在这洞内，干脆做好准备等她回来吧！,2060701,"[70122,32893,35188,509980]",0,,0,0,301004,200241,101005,101008,200311,0,0,10.74,3,6,5,6,50,50,532,0,2
2060701,2,4,,206,12,女儿国--不打不相识,18,103,"{exp:18,gold:0,items:[[30001,250],[15301,216],[19301,60],[40001,50]]}",{},战斗之后一切答案都将揭晓！,2060801,"[72960,34224,36612,530620]",0,,200141,301001,0,0,0,0,101006,101003,101012,10.91,2,7,5,10,50,50,540,0,2
2060801,2,7,,206,3,女儿国--风雨同路,18,104,"{exp:18,gold:0,items:[[20006,110],[14301,216],[10301,60],[40001,50]]}",{},女王大人的加入让我们实力大增，黑风山是我们下一个目的地！,2070101,"[74852,35112,37562,544380]",0,,101001,0,101004,0,101008,0,301006,0,101012,11.08,7,7,5,14,50,50,548,0,2
2070101,2,4,,207,5,女儿国2--寻水,18,101,"{exp:18,gold:0,items:[[72002,100],[16301,216],[14302,65],[40001,50]]}",{},赶路多日，饮水所剩无几，查探周围的环境，顺便取点水吧！,2070201,"[748520,351120,375620,5443800]",0,,0,200111,200111,200211,301008,101005,0,0,0,11.32,5,7,5,18,50,50,556,0,2
2070201,2,4,,207,8,女儿国2--真面目,18,102,"{exp:18,gold:0,items:[[30303,200],[13301,216],[15302,65],[40001,50]]}",{},白衣秀士又是蚩尤幻化的角色，早在意料之中！,2070301,"[748520,351120,375620,5443800]",0,,200121,0,200131,0,0,301008,0,101006,101003,11.57,6,7,5,22,50,50,564,0,2
2070301,2,4,,207,1,女儿国2--神秘黑衣人,18,103,"{exp:18,gold:0,items:[[72003,100],[17301,216],[13302,65],[40001,50]]}",{},洞府布置得富丽堂皇，住在这里的人不容小觑！,2070401,"[748520,351120,375620,5443800]",0,,0,101004,200121,300211,0,0,200321,101012,0,11.81,4,7,5,26,50,50,572,0,2
2070401,2,4,,207,4,女儿国2--除幻象,18,104,"{exp:18,gold:0,items:[[20008,105],[12301,216],[16302,65],[40001,50]]}",{},解决黑白幻影后整个洞府都恢复了原貌，原来所见的一切都是幻象！,2070501,"[748520,351120,375620,5443800]",0,,200111,0,200121,101008,0,0,200341,301006,0,12.05,8,7,5,30,50,50,580,0,2
2070501,2,4,,207,6,女儿国2--一战白骨精,18,101,"{exp:18,gold:0,items:[[30304,200],[18301,216],[12302,65],[40001,50]]}",{},美女突然发起了攻击，糟糕！一定把我们当坏人了！,2070601,"[748520,351120,375620,5443800]",0,,101004,0,200131,0,0,0,101012,200321,301003,12.3,9,7,5,34,50,50,588,0,2
2070601,2,4,,207,12,女儿国2--二战白骨精,18,102,"{exp:18,gold:0,items:[[72004,100],[11301,216],[17302,65],[40001,50]]}",{},这女人总能在战败后瞬间恢复战斗力，真是个高手！,2070701,"[748520,351120,375620,5443800]",0,,101004,0,0,200241,301005,200221,0,0,101006,12.54,5,7,5,38,50,50,596,0,2
2070701,2,4,,207,3,女儿国2--沟通,18,103,"{exp:18,gold:0,items:[[30003,50],[19301,216],[11302,65],[40001,50]]}",{},原来白骨精一直被蚩尤的幻象所迷惑！还好我们及时赶到！,2070801,"[748520,351120,375620,5443800]",0,,101001,200121,301004,200211,200231,0,0,0,0,12.78,3,7,5,42,50,50,604,0,2
2070801,2,7,,207,5,女儿国2--结缘,18,104,"{exp:18,gold:0,items:[[20006,110],[10301,216],[18302,65],[40001,50]]}",{},冥冥之中仿佛注定了某些东西，白骨精和我们结缘于黑风山！,2080101,"[748520,351120,375620,5443800]",0,,0,101001,101004,0,101005,0,101012,0,301006,13.02,9,7,5,45,50,50,612,0,2
2080101,2,4,,208,11,花果山--出海,18,101,"{exp:18,gold:0,items:[[30305,200],[14302,168],[10302,65],[40001,50]]}",{},去往仙山的路途遥远，大家都面无惧色的做着出发前的准备！,2080201,"[748520,351120,375620,5443800]",0,,200111,200111,200111,0,301008,0,0,0,101006,13.22,5,8,6,6,50,50,620,0,2
2080201,2,4,,208,1,花果山--九龙桥,18,102,"{exp:18,gold:0,items:[[72005,100],[15302,168],[19302,65],[40001,50]]}",{},往水帘洞的路上经过九龙桥，发现打斗的痕迹！,2080301,"[748520,351120,375620,5443800]",0,,0,200141,101001,0,301005,0,101012,0,200311,13.41,5,8,6,12,50,50,628,0,2
2080301,2,4,,208,4,花果山--出手,18,103,"{exp:18,gold:0,items:[[30001,250],[13302,168],[15302,70],[40001,50]]}",{},大殿里的黑影正准备离开，你不管三七二十一就出手了……,2080401,"[748520,351120,375620,5443800]",0,,200141,200131,0,0,0,0,101006,301012,101003,13.61,8,8,6,18,50,50,636,0,2
2080401,2,4,,208,10,花果山--消失,18,104,"{exp:18,gold:0,items:[[62002,200],[16302,168],[14302,70],[40001,50]]}",{},黑影没有理会你的质问，一眨眼就消失了，留下几个难缠的小弟！,2080501,"[748520,351120,375620,5443800]",0,,200131,0,200131,101005,0,301008,0,0,101006,13.8,6,8,6,24,50,50,644,0,2
2080501,2,4,,208,3,花果山--一线天,18,101,"{exp:18,gold:0,items:[[30301,200],[12302,168],[16302,70],[40001,50]]}",{},这里一夫当关万夫莫开，小心腹背受敌哦，亲！,2080601,"[748520,351120,375620,5443800]",0,,200121,101009,200131,101008,0,0,301006,0,0,14,7,8,6,30,50,50,652,0,2
2080601,2,4,,208,11,花果山--唐僧崖,18,102,"{exp:18,gold:0,items:[[30501,100],[17302,168],[13302,70],[40001,50]]}",{},远眺一线天，石崖就像唐僧佛眼微闭正在肃目修行！,2080701,"[748520,351120,375620,5443800]",0,,0,301001,101009,200221,0,101005,0,101003,0,14.19,2,8,6,36,50,50,660,0,2
2080701,2,4,,208,1,花果山--挡路,18,103,"{exp:18,gold:0,items:[[30302,200],[11302,168],[17302,70],[40001,50]]}",{},我们是来找孙大圣的！动不动就打打杀杀的！何必呢？,2080801,"[748520,351120,375620,5443800]",0,,0,101009,301004,101008,0,0,200341,101006,0,14.39,3,8,6,42,50,50,668,0,2
2080801,2,7,,208,4,花果山--同行,18,104,"{exp:18,gold:0,items:[[20009,110],[18302,168],[12302,70],[40001,50]]}",{},大圣说还没和蚩尤交过手，那是要加入我们的意思吧？妥妥的！,2090101,"[748520,351120,375620,5443800]",0,,0,301009,101004,0,0,101005,0,101003,101006,14.58,2,8,6,48,50,50,676,0,2
2090101,2,4,,209,10,花果山2--问题来了,18,101,"{exp:18,gold:0,items:[[62002,200],[10302,168],[18302,70],[40001,50]]}",{},对抗蚩尤没有犀利的法宝怎么行？那么问题来了，找谁？,2090201,"[748520,351120,375620,5443800]",0,,0,101009,301005,200231,101008,0,0,0,200311,14.79,3,8,7,4,50,50,684,0,2
2090201,2,4,,209,3,花果山2--军火商,18,102,"{exp:18,gold:0,items:[[30303,200],[19302,168],[11302,70],[40001,50]]}",{},据哪吒爆料，其父李天王乃天庭秘密军火商，前去拜会下吧！,2090301,"[748520,351120,375620,5443800]",0,,0,301009,0,101005,101008,200231,0,200311,0,15,2,8,7,10,50,50,692,0,2
2090301,2,4,,209,11,花果山2--残垣断壁,18,103,"{exp:18,gold:0,items:[[10303,500],[15302,240],[19302,70],[40001,50]]}",{},曾经的天庭何其气魄，现在却落得残垣断壁、妖物横生！,2090401,"[748520,351120,375620,5443800]",0,,101004,0,101009,0,200211,0,200341,0,301003,15.22,9,9,7,16,50,50,700,0,2
2090401,2,4,,209,1,花果山2--是谁,18,104,"{exp:18,gold:0,items:[[20006,110],[14302,240],[10302,70],[40001,50]]}",{},咦？前方有打斗声，是谁招惹到这天庭废墟之中的妖物？,2090501,"[748520,351120,375620,5443800]",0,,200131,200131,0,101005,0,301008,0,0,200321,15.43,6,9,7,22,50,50,708,0,2
2090501,2,4,,209,4,花果山2--是他,18,101,"{exp:18,gold:0,items:[[30304,200],[16302,240],[14303,75],[40001,50]]}",{},这不正是我们要找的李天王么？速速助他一臂之力吧！,2090601,"[748520,351120,375620,5443800]",0,,301004,200141,0,0,0,200231,0,101006,101003,15.64,1,9,7,28,50,50,716,0,2
2090601,2,4,,209,10,花果山2--意外收获,18,102,"{exp:18,gold:0,items:[[30502,100],[13302,240],[15303,75],[40001,50]]}",{},原来这废墟下面是以前的秘密军火库，那还犹豫啥呢？拿！,2090701,"[748520,351120,375620,5443800]",0,,301001,0,0,101005,200231,0,101012,0,101006,15.85,1,9,7,34,50,50,724,0,2
2090701,2,4,,209,3,花果山2--私人收藏,18,103,"{exp:18,gold:0,items:[[30003,50],[17302,240],[13303,75],[40001,50]]}",{},李天王请我们帮他取回军火库里的私人收藏！会是什么呢？,2090801,"[748520,351120,375620,5443800]",0,,0,301009,0,101005,200211,200211,200341,0,0,16.06,2,9,7,40,50,50,732,0,2
2090801,2,7,,209,11,花果山2--如虎添翼,18,104,"{exp:18,gold:0,items:[[20009,110],[12302,240],[16303,75],[40001,50]]}",{},拿到玲珑宝塔的李天王如虎添翼，对抗蚩尤的队伍又多一员猛将！,2100101,"[748520,351120,375620,5443800]",0,,101001,301009,0,0,101008,0,101012,0,101006,16.28,2,9,7,46,50,50,740,0,2
2100101,2,4,,210,4,翠云山--托梦,18,101,"{exp:18,gold:0,items:[[30305,200],[18302,240],[12303,75],[40001,50]]}",{},老牛最近总梦到罗刹女，难道是有所指？去芭蕉洞看看吧！,2100201,"[748520,351120,375620,5443800]",0,,300141,0,0,0,101005,0,200311,200311,101012,16.6,1,9,7,52,50,50,748,0,2
2100201,2,4,,210,2,翠云山--狂风大作,18,102,"{exp:18,gold:0,items:[[62003,600],[11302,240],[17303,75],[40001,50]]}",{},刚进入翠云山地界就发现狂风大作，老牛说这风来自芭蕉扇！,2100301,"[748520,351120,375620,5443800]",0,,200121,101004,200121,0,101008,0,0,0,301006,16.93,9,9,8,2,50,50,756,0,2
2100301,2,4,,210,3,翠云山--心急如焚,18,103,"{exp:18,gold:0,items:[[30001,250],[19302,240],[11303,75],[40001,50]]}",{},罗刹女一定遇到危险了，老牛已经进入暴走状态！,2100401,"[748520,351120,375620,5443800]",0,,300121,200121,0,101005,101008,0,0,0,200331,17.25,1,9,8,8,50,50,764,0,2
2100401,2,4,,210,12,翠云山--艰难行进,18,104,"{exp:18,gold:0,items:[[30503,100],[10302,240],[18303,75],[40001,50]]}",{},凭借老孙当年的定风丹，大家艰难行进在去芭蕉洞的路上！,2100501,"[748520,351120,375620,5443800]",0,,200141,200131,200141,0,0,101011,0,301012,0,17.58,8,9,8,14,50,50,772,0,2
2100501,2,4,,210,9,翠云山--松一口气,18,101,"{exp:18,gold:0,items:[[30301,200],[14303,186],[10303,75],[40001,50]]}",{},越接近芭蕉洞风力越来越大，老牛反倒没那么担忧了！,2100601,"[748520,351120,375620,5443800]",0,,200141,200121,0,0,101005,0,101006,0,301003,17.9,9,9,8,20,50,50,780,0,2
2100601,2,4,,210,6,翠云山--重逢,18,102,"{exp:18,gold:0,items:[[30504,100],[15303,186],[19303,75],[40001,50]]}",{},洞口隐约出现一个正在舞扇的身影，老牛一眼就认出了她！,2100701,"[748520,351120,375620,5443800]",0,,200141,200141,0,0,101008,101011,300311,0,0,18.23,7,9,8,26,50,50,788,0,2
2100701,2,4,,210,1,翠云山--释疑,18,103,"{exp:18,gold:0,items:[[30302,200],[13303,186],[15303,80],[40001,50]]}",{},数日前罗刹女偶然发现有人想对她不利，于是使出宝贝自保！,2100801,"[748520,351120,375620,5443800]",0,,200131,200131,200131,0,101011,0,301012,0,0,18.55,7,9,8,32,50,50,796,0,2
2100801,2,7,,210,4,翠云山--同舟共济,18,104,"{exp:18,gold:0,items:[[20011,115],[16303,186],[14303,80],[40001,50]]}",{},有了牛夫人的加入，对抗蚩尤的的胜算又增加了几分！,2110101,"[748520,351120,375620,5443800]",0,,101009,200141,101004,0,301011,0,0,101012,0,18.88,5,9,8,38,50,50,804,0,2
2110101,2,4,,211,2,翠云山2--失落神器,18,101,"{exp:18,gold:0,items:[[30505,100],[12303,186],[16303,80],[40001,50]]}",{},蚩尤派人前往昆仑山寻找失落神器！不能被它先找到！,2110201,"[748520,351120,375620,5443800]",0,,301009,0,200141,101011,0,0,200341,200341,0,19.32,1,10,8,44,50,50,812,0,2
2110201,2,4,,211,3,翠云山2--人间仙境,18,102,"{exp:18,gold:0,items:[[30303,200],[17303,186],[13303,80],[40001,50]]}",{},好一个诗情画意的人间仙境！龙脉之祖并非浪得虚名！,2110301,"[748520,351120,375620,5443800]",0,,0,200131,301004,200211,101008,101011,0,0,0,19.77,3,10,8,50,50,50,820,0,2
2110301,2,4,,211,12,翠云山2--神像,18,103,"{exp:18,gold:0,items:[[62003,600],[11303,186],[17303,80],[40001,50]]}",{},想找到神器必须先找到西王母的神像！那样就成功了一半！,2110401,"[748520,351120,375620,5443800]",0,,200141,200131,200141,0,301011,101008,0,0,0,20.21,5,10,8,56,50,50,828,0,2
2110401,2,4,,211,9,翠云山2--玉虚峰,18,104,"{exp:18,gold:0,items:[[20009,110],[18303,186],[12303,80],[40001,50]]}",{},在玉虚峰顶发现了神像，但神像上似乎没有任何线索！,2110501,"[748520,351120,375620,5443800]",0,,200131,301001,200141,101011,0,0,0,101006,0,20.66,2,10,9,2,50,50,836,0,2
2110501,2,4,,211,6,翠云山2--竹简,18,101,"{exp:18,gold:0,items:[[30304,200],[10303,186],[18303,80],[40001,50]]}",{},神像的底座下面好像有个暗格！原来是一卷竹简地图！,2110601,"[748520,351120,375620,5443800]",0,,0,101004,0,101005,301011,101008,0,0,200311,21.1,5,10,9,8,50,50,844,0,2
2110601,2,4,,211,1,翠云山2--冰封洞穴,18,102,"{exp:18,gold:0,items:[[30601,500],[19303,186],[11303,80],[40001,50]]}",{},在地图的指引下大家找到一个入口被冰封的洞穴！,2110701,"[748520,351120,375620,5443800]",0,,200111,301004,0,0,200221,0,101012,0,101006,21.54,2,10,9,14,50,50,852,0,2
2110701,2,4,,211,4,翠云山2--龙吉公主,18,103,"{exp:18,gold:0,items:[[30003,50],[15303,264],[19303,80],[40001,50]]}",{},原来传说的神器就是西王母的宝贝女儿龙吉公主！,2110801,"[748520,351120,375620,5443800]",0,,200131,300141,200131,0,101011,0,0,0,101003,21.99,2,10,9,20,50,50,860,0,2
2110801,2,7,,211,2,翠云山2--拯救苍生,18,104,"{exp:18,gold:0,items:[[20011,115],[14303,264],[10303,80],[40001,50]]}",{},龙吉公主听完事情的来龙去脉后欣然决定共同拯救苍生！,2120101,"[748520,351120,375620,5443800]",0,,101009,0,101004,101005,301011,0,0,0,101003,22.43,5,10,9,26,50,50,868,0,2
2120101,2,4,,212,12,摩云洞--牵挂,18,101,"{exp:18,gold:0,items:[[30305,200],[16303,264],[13401,85],[40001,50]]}",{},远在积雷山摩云洞的玉面公主是否安好？老牛甚是牵挂！,2120201,"[748520,351120,375620,5443800]",0,,200131,300131,200121,0,101011,0,0,101010,0,22.82,2,11,9,32,50,50,876,0,2
2120201,2,4,,212,9,摩云洞--人影,18,102,"{exp:18,gold:0,items:[[30602,500],[13303,264],[17401,85],[40001,50]]}",{},既然放心不下公主那就去看看吧！小心！前面似乎有人影！,2120301,"[748520,351120,375620,5443800]",0,,101004,0,200111,0,200221,200241,0,0,300331,23.2,9,11,9,38,50,50,884,0,2
2120301,2,4,,212,2,摩云洞--爪牙,18,103,"{exp:18,gold:0,items:[[30603,500],[17303,264],[18401,85],[40001,50]]}",{},蚩尤的魔爪果然已经伸到了这里！先解决这些爪牙吧！,2120401,"[748520,351120,375620,5443800]",0,,0,301009,200141,200231,0,101008,0,0,101010,23.59,2,11,9,44,50,50,892,0,2
2120401,2,4,,212,6,摩云洞--失踪,18,104,"{exp:18,gold:0,items:[[62003,600],[12303,264],[14401,85],[40001,50]]}",{},洞府内一片狼藉，公主也不见踪迹，难道凶多吉少？,2120501,"[748520,351120,375620,5443800]",0,,101001,200131,101004,0,0,301008,0,0,101010,23.97,6,11,9,50,50,50,900,0,2
2120501,2,4,,212,5,摩云洞--密室,18,101,"{exp:18,gold:0,items:[[30604,500],[18303,264],[19401,85],[40001,50]]}",{},老牛说摩云洞内有一密室，公主极有可能是去了那里！,2120601,"[748520,351120,375620,5443800]",0,,101001,101004,101009,101005,0,301008,0,0,0,24.36,6,11,9,56,50,50,908,0,2
2120601,2,4,,212,12,摩云洞--遇见,18,102,"{exp:18,gold:0,items:[[30002,1000],[11303,264],[15401,85],[40001,50]]}",{},快看！那边以一敌三的不正是公主么？火速前往解围！,2120701,"[748520,351120,375620,5443800]",0,,0,101009,101004,0,101011,101008,0,0,301010,24.74,9,11,9,62,50,50,916,0,2
2120701,2,4,,212,9,摩云洞--喜极而泣,18,103,"{exp:18,gold:0,items:[[30605,500],[19303,264],[16401,85],[40001,50]]}",{},公主再见到老牛喜极而泣，但现在还不是叙旧的时候！,2120801,"[748520,351120,375620,5443800]",0,,0,101009,101001,0,101011,101008,0,200341,301010,25.13,9,11,10,2,50,50,924,0,2
2120801,2,7,,212,2,摩云洞--追随,18,104,"{exp:18,gold:0,items:[[20010,115],[10303,264],[12401,85],[40001,50]]}",{},曾经说好做彼此的天使，让我们携手拯救芸芸众生吧！,999,"[748520,351120,375620,5443800]",0,,101004,101009,0,101008,101011,0,0,0,301010,25.51,9,11,10,8,50,50,932,0,2
